INSERT INTO `jhi_authority` VALUE('ROLE_ALUMNO');
INSERT INTO `jhi_authority` VALUE('ROLE_PROFESOR');
INSERT INTO `jhi_authority` VALUE('ROLE_ADM_DPTO');

ALTER TABLE alumno ADD COLUMN user_id BIGINT(20);
ALTER TABLE profesor ADD COLUMN user_id BIGINT(20);

INSERT INTO `carrera` (`id`, `nombre`)
VALUES
  (1, 'Ingeniería Civil'),
  (2, 'Ingeniería de Alimentos'),
  (3, 'Ingeniería Electricista'),
  (4, 'Ingeniería Electrónica'),
  (5, 'Ingeniería en Agrimensura'),
  (6, 'Ingeniería en Informática'),
  (7, 'Ingeniería en Petróleo'),
  (8, 'Ingeniería Industrial'),
  (9, 'Ingeniería Mecánica'),
  (10, 'Ingeniería Naval y Mecánica'),
  (11, 'Ingeniería Química'),
  (12, 'Licenciatura en Análisis de Sistemas');

INSERT INTO `departamento` (`id`, `nombre`, `codigo`)
VALUES
  (1, 'Agrimensura', 1),
  (2, 'Computación', 75),
  (3, 'Construcciones y Estructuras', 2),
  (4, 'Electrónica', 66),
  (5, 'Energía', 4),
  (6, 'Estabilidad', 6),
  (7, 'Física', 62),
  (8, 'Gestión', 71),
  (9, 'Hidráulica', 9),
  (10, 'Idiomas', 10),
  (11, 'Ingeniería Mecánica', 11),
  (12, 'Ingeniería Naval', 12),
  (13, 'Ingeniería Química', 13),
  (14, 'Matemática', 61),
  (15, 'Química', 63),
  (16, 'Seguridad del Trabajo y Ambiente', 16),
  (17, 'Tecnología Industrial', 17),
  (18, 'Transporte', 18);


INSERT INTO `jhi_user` (`id`, `login`, `password_hash`, `first_name`, `last_name`, `email`, `image_url`, `activated`, `lang_key`, `activation_key`, `reset_key`, `created_by`, `created_date`, `reset_date`, `last_modified_by`, `last_modified_date`)
VALUES
  (5, 'msosa@fiuba.com', '$2a$10$VEjxo0jq2YG9Rbk2HmX9S.k1uZBGYUHdUcid3g/vfiEl7lwWgOH/K', 'Mercedes', 'Sosa', 'msosa@fiuba.com', '', 1, 'en', NULL, NULL, 'system', '2018-11-23 22:46:25', NULL, 'system', NULL),
  (6, 'gcerati@fiuba.com', '$2a$10$VEjxo0jq2YG9Rbk2HmX9S.k1uZBGYUHdUcid3g/vfiEl7lwWgOH/K', 'Gustavo', 'Cerati', 'gcerati@fiuba.com', '', 1, 'en', NULL, NULL, 'system', '2018-11-23 22:46:25', NULL, 'system', NULL),
  (7, 'lspinetta@fiuba.com', '$2a$10$VEjxo0jq2YG9Rbk2HmX9S.k1uZBGYUHdUcid3g/vfiEl7lwWgOH/K', 'Luis Alberto', 'Spinetta', 'lspinetta@fiuba.com', '', 1, 'en', NULL, NULL, 'system', '2018-11-23 22:46:25', NULL, 'system', NULL),
  (8, 'fpaez@fiuba.com', '$2a$10$VEjxo0jq2YG9Rbk2HmX9S.k1uZBGYUHdUcid3g/vfiEl7lwWgOH/K', 'Fito', 'Paez', 'fpaez@fiuba.com', '', 1, 'en', NULL, NULL, 'system', '2018-11-23 22:46:25', NULL, 'system', NULL),
  (9, 'lgieco@fiuba.com', '$2a$10$VEjxo0jq2YG9Rbk2HmX9S.k1uZBGYUHdUcid3g/vfiEl7lwWgOH/K', 'Leon', 'Gieco', 'lgieco@fiuba.com', '', 1, 'en', NULL, NULL, 'system', '2018-11-23 22:46:25', NULL, 'system', NULL),
  (10, 'cgarcia@fiuba.com', '$2a$10$VEjxo0jq2YG9Rbk2HmX9S.k1uZBGYUHdUcid3g/vfiEl7lwWgOH/K', 'Charly', 'Garcia', 'cgarcia@fiuba.com', '', 1, 'en', NULL, NULL, 'system', '2018-11-23 22:46:25', NULL, 'system', NULL),
  (11, 'gcordera@fiuba.com', '$2a$10$VEjxo0jq2YG9Rbk2HmX9S.k1uZBGYUHdUcid3g/vfiEl7lwWgOH/K', 'Gustavo', 'Cordera', 'gcordera@fiuba.com', '', 1, 'en', NULL, NULL, 'system', '2018-11-23 22:46:25', NULL, 'system', NULL),
  (12, 'fcantilo@fiuba.com', '$2a$10$VEjxo0jq2YG9Rbk2HmX9S.k1uZBGYUHdUcid3g/vfiEl7lwWgOH/K', 'Faviana', 'Cantilo', 'fcantilo@fiuba.com', '', 1, 'en', NULL, NULL, 'system', '2018-11-23 22:46:25', NULL, 'system', NULL),
  (13, 'hlizarazu@fiuba.com', '$2a$10$VEjxo0jq2YG9Rbk2HmX9S.k1uZBGYUHdUcid3g/vfiEl7lwWgOH/K', 'Hilda', 'Lizarazu', 'hlizarazu@fiuba.com', '', 1, 'en', NULL, NULL, 'system', '2018-11-23 22:46:25', NULL, 'system', NULL),
  (14, 'epresley@fiuba.com', '$2a$10$VEjxo0jq2YG9Rbk2HmX9S.k1uZBGYUHdUcid3g/vfiEl7lwWgOH/K', 'Elvis', 'Presley', 'epresley@fiuba.com', '', 1, 'en', NULL, NULL, 'system', '2018-11-23 22:46:25', NULL, 'system', NULL),
  (15, 'admin@fiuba.com', '$2a$10$gSAhZrxMllrbgj/kkK9UceBPpChGWJA7SYIb1Mqo.n5aNLq1/oRrC', 'Juan', 'Admin', 'admin@fiuba.com', '', 1, 'en', NULL, NULL, 'system', '2018-11-23 22:46:25', NULL, 'system', NULL),
  (16, 'computacion@fiuba.com', '$2a$10$gSAhZrxMllrbgj/kkK9UceBPpChGWJA7SYIb1Mqo.n5aNLq1/oRrC', 'Computación', 'Departamento', 'computacion@fiuba.com', '', 1, 'en', NULL, NULL, 'system', '2018-11-23 22:46:25', NULL, 'system', NULL),
  (17, 'danielkux@gmail.com', '$2a$10$fqHGJsHyZrxxnN0hJUTNHOLQGOrNdMEES1v3ePtFbqZ0SZNjgUcym', 'Daniel', 'Kux', 'danielkux@gmail.com', NULL, 1, NULL, '16892416293305039655', NULL, 'admin@fiuba.com', '2018-11-25 19:31:22', NULL, 'admin@fiuba.com', '2018-11-25 19:31:22'),
  (18, 'vheredsdsddia@fiuba.com', '$2a$10$CFKpaYrjgpa3d0lWA1mXZ.BCG6BD6QlumRSZVFObV89o3R16uRRJu', 'Victor', 'Heredia', 'vheredsdsddia@fiuba.com', NULL, 1, NULL, '72021418099572036552', NULL, 'admin@fiuba.com', '2018-11-25 19:31:22', NULL, 'admin@fiuba.com', '2018-11-25 19:31:22'),
  (19, 'aroma@fiuba.com', '$2a$10$vGxkFuk8qsSTI3MFuDJhIukjRJuVSjm9.g1L2eRKdHNtLyQXtS5se', 'Antonio', 'Roma', 'aroma@fiuba.com', NULL, 1, NULL, '48938443181717827855', NULL, 'admin@fiuba.com', '2018-11-25 19:31:22', NULL, 'admin@fiuba.com', '2018-11-25 19:31:22'),
  (20, 'rirusta@fiuba.com', '$2a$10$CFq8BpZLuNhkP.uIpkbkAeFbsjEpoJov7lSFUFTC1AijT5oI31o9e', 'Rolando', 'Irusta', 'rirusta@fiuba.com', NULL, 1, NULL, '76377113746261406433', NULL, 'admin@fiuba.com', '2018-11-25 19:31:23', NULL, 'admin@fiuba.com', '2018-11-25 19:31:23'),
  (21, 'hgatti@fiuba.com', '$2a$10$rRCgRzki1L2rY/2PrLNNI.gzyOYvBu0WYo.uADJjAqe36JiBAMPM2', 'Hugo', 'Gatti', 'hgatti@fiuba.com', NULL, 1, NULL, '44931115975578322725', NULL, 'admin@fiuba.com', '2018-11-25 19:31:23', NULL, 'admin@fiuba.com', '2018-11-25 19:31:23'),
  (22, 'rperfumo@fiuba.com', '$2a$10$4m3KvycWda3swe2TGUDDD.mP.Fnyble3oHE9wVenZkC0g7jz9OCkm', 'Roberto', 'Perfumo', 'rperfumo@fiuba.com', NULL, 1, NULL, '17338377954745300381', NULL, 'admin@fiuba.com', '2018-11-25 19:31:23', NULL, 'admin@fiuba.com', '2018-11-25 19:31:23'),
  (23, 'jvaracka@fiuba.com', '$2a$10$Eh36LmK.iSV3byaK8qNZA.b//PCsjkgR2iBygHMo/PfKhpngoEX2K', 'José', 'Varacka', 'jvaracka@fiuba.com', NULL, 1, NULL, '44746513538541788679', NULL, 'admin@fiuba.com', '2018-11-25 19:31:23', NULL, 'admin@fiuba.com', '2018-11-25 19:31:23'),
  (24, 'ocalics@fiuba.com', '$2a$10$3HhWWWTO0lOQFBzZjrgl7uoJ1DWE3UaAuZlSjb9t7/CKnt.oSksYy', 'Oscar', 'Calics', 'ocalics@fiuba.com', NULL, 1, NULL, '06611852103925255956', NULL, 'admin@fiuba.com', '2018-11-25 19:31:23', NULL, 'admin@fiuba.com', '2018-11-25 19:31:23'),
  (25, 'smarzolini@fiuba.com', '$2a$10$W9Fvajxf8Opzf.EXWu/xse5KCfNDXVUZVNBAZoBl9uMsKeD0EI6dC', 'Silvio', 'Marzolini', 'smarzolini@fiuba.com', NULL, 1, NULL, '99763344676707093755', NULL, 'admin@fiuba.com', '2018-11-25 19:31:23', NULL, 'admin@fiuba.com', '2018-11-25 19:31:23'),
  (26, 'rferreiro@fiuba.com', '$2a$10$5r/yWrtTWW2XMUH6DVhIl.8URqLsowGatS3TECrXeTctEkl2I9vey', 'Roberto', 'Ferreiro', 'rferreiro@fiuba.com', NULL, 1, NULL, '80820696956161367760', NULL, 'admin@fiuba.com', '2018-11-25 19:31:23', NULL, 'admin@fiuba.com', '2018-11-25 19:31:23'),
  (27, 'csimeone@fiuba.com', '$2a$10$xOPP1c3kmPwb4VfWRUbddOSmqdvdJI3uzBK5uXLPHkWFHdpR7C/Vy', 'Carmelo', 'Simeone', 'csimeone@fiuba.com', NULL, 1, NULL, '95750062174038257647', NULL, 'admin@fiuba.com', '2018-11-25 19:31:24', NULL, 'admin@fiuba.com', '2018-11-25 19:31:24'),
  (28, 'arattin@fiuba.com', '$2a$10$FJl5JEenSkXizC27pZUI1.1yAWC7a2KFSwn.pqsCqsM.jazBJXDqa', 'Antonio', 'Rattín', 'arattin@fiuba.com', NULL, 1, NULL, '30388191037201118207', NULL, 'admin@fiuba.com', '2018-11-25 19:31:24', NULL, 'admin@fiuba.com', '2018-11-25 19:31:24'),
  (29, 'jpastoriza@fiuba.com', '$2a$10$SbFXFROCTlfR4JN7Yi.Aj.S4soHSRDhS021KsiX0tVQw4OMqfO35m', 'José Omar', 'Pastoriza', 'jpastoriza@fiuba.com', NULL, 1, NULL, '49100082039745101079', NULL, 'admin@fiuba.com', '2018-11-25 19:31:24', NULL, 'admin@fiuba.com', '2018-11-25 19:31:24'),
  (30, 'ralbrecht@fiuba.com', '$2a$10$xTMMyEH22zLcAlr9pnrHReG9SzKaq7Xv6hRedMchxsFI.5YFQvkji', 'Rafael', 'Albrecht', 'ralbrecht@fiuba.com', NULL, 1, NULL, '82442988947971091122', NULL, 'admin@fiuba.com', '2018-11-25 19:31:24', NULL, 'admin@fiuba.com', '2018-11-25 19:31:24'),
  (31, 'nlopez@fiuba.com', '$2a$10$Kw88oX2a.QPnurAh4oZMButnGsP1/iBBdW7Y4WztKckl5/Q1m0FH6', 'Nelson', 'López', 'nlopez@fiuba.com', NULL, 1, NULL, '16866101117404557147', NULL, 'admin@fiuba.com', '2018-11-25 19:31:24', NULL, 'admin@fiuba.com', '2018-11-25 19:31:24'),
  (32, 'mchaldu@fiuba.com', '$2a$10$easW489WPVU4dWVgk0wX5eLqPo9eEA1AnV6Az7WWjZYQWOjWClu1a', 'Mario', 'Chaldú', 'mchaldu@fiuba.com', NULL, 1, NULL, '30602760222018602800', NULL, 'admin@fiuba.com', '2018-11-25 19:31:24', NULL, 'admin@fiuba.com', '2018-11-25 19:31:24'),
  (33, 'jsolari@fiuba.com', '$2a$10$CbF1aVSBmwEON.A175ZtuuNb71Jf26EaeLI/cmb.BheFRBj9ik2ui', 'Jorge', 'Solari', 'jsolari@fiuba.com', NULL, 1, NULL, '01485046554417406810', NULL, 'admin@fiuba.com', '2018-11-25 19:31:25', NULL, 'admin@fiuba.com', '2018-11-25 19:31:25'),
  (34, 'agonzalez@fiuba.com', '$2a$10$Z1HApJotVIxScjeSBNrJr.xEKEBNNwyEbtp5BQT4YCvqOGaY/iHgC', 'Alberto', 'González', 'agonzalez@fiuba.com', NULL, 1, NULL, '03022704594935638994', NULL, 'admin@fiuba.com', '2018-11-25 19:31:25', NULL, 'admin@fiuba.com', '2018-11-25 19:31:25'),
  (35, 'jsarnari@fiuba.com', '$2a$10$1W2wvEZ4NdE2qDXvqVyCZ.Cwb9CWO/TJwLqg8ooxwfHAp4KfW8jUS', 'Juan Carlos', 'Sarnari', 'jsarnari@fiuba.com', NULL, 1, NULL, '73205051592344045191', NULL, 'admin@fiuba.com', '2018-11-25 19:31:25', NULL, 'admin@fiuba.com', '2018-11-25 19:31:25'),
  (36, 'arojas@fiuba.com', '$2a$10$4rfEPFTOMcT9oVUUCBXug.GhcTz1BLQwLB6u6XKVIN4IimDHYHiqK', 'Alfredo', 'Rojas', 'arojas@fiuba.com', NULL, 1, NULL, '47412300618369582441', NULL, 'admin@fiuba.com', '2018-11-25 19:31:25', NULL, 'admin@fiuba.com', '2018-11-25 19:31:25'),
  (37, 'lartime@fiuba.com', '$2a$10$iyNyNibJ7ftGG6lvUIOlre4C4JmJxL1qSNbImPIOws7V/66zIIT/6', 'Luis', 'Artime', 'lartime@fiuba.com', NULL, 1, NULL, '86406852991547284888', NULL, 'admin@fiuba.com', '2018-11-25 19:31:25', NULL, 'admin@fiuba.com', '2018-11-25 19:31:25'),
  (38, 'eonega@fiuba.com', '$2a$10$A7V69sLqqxbXUCJ8eLaeteG0SidMnd9eT6ixYdswLTcClsftPtA5q', 'Ermindo', 'Onega', 'eonega@fiuba.com', NULL, 1, NULL, '11461617722693364849', NULL, 'admin@fiuba.com', '2018-11-25 19:31:26', NULL, 'admin@fiuba.com', '2018-11-25 19:31:26'),
  (39, 'omas@fiuba.com', '$2a$10$gnSlJaIn7vxxYIU/a1Z40OBts3xNpH0fxhkUF5PKLHX2nDN2V2FAW', 'Oscar', 'Más', 'omas@fiuba.com', NULL, 1, NULL, '21215597777543788427', NULL, 'admin@fiuba.com', '2018-11-25 19:31:26', NULL, 'admin@fiuba.com', '2018-11-25 19:31:26'),
  (40, 'atarabini@fiuba.com', '$2a$10$jZa15Bv9EcCJFlQWQa3AOebxtF5hjAFPFkE4rbMDMf3SvuqC0lVXe', 'Aníbal', 'Tarabini', 'atarabini@fiuba.com', NULL, 1, NULL, '11883115119871121647', NULL, 'admin@fiuba.com', '2018-11-25 19:31:26', NULL, 'admin@fiuba.com', '2018-11-25 19:31:26'),
  (41, 'dcarnevali@fiuba.com', '$2a$10$Hu6rKf67e6n7U9ivKopbM.bsJ6FQVrMAkT7tR21fzVTlXiQ4CewaW', 'Daniel', 'Carnevali', 'dcarnevali@fiuba.com', NULL, 1, NULL, '32841247844682369979', NULL, 'admin@fiuba.com', '2018-11-25 19:31:26', NULL, 'admin@fiuba.com', '2018-11-25 19:31:26'),
  (42, 'rayala@fiuba.com', '$2a$10$MajqDptG21ua8xxp5Il9ouG6xN5m/As7PREVx2CIJuhQcjy47FpdW', 'Rubén', 'Ayala', 'rayala@fiuba.com', NULL, 1, NULL, '65919135344691291958', NULL, 'admin@fiuba.com', '2018-11-25 19:31:27', NULL, 'admin@fiuba.com', '2018-11-25 19:31:27'),
  (43, 'cbabington@fiuba.com', '$2a$10$ezYwy9JhRhJS1X/TvJHyz.0lhKFSH.93V5HyFxq0gw4699zM8rumS', 'Carlos', 'Babington', 'cbabington@fiuba.com', NULL, 1, NULL, '58422833735706981152', NULL, 'admin@fiuba.com', '2018-11-25 19:31:27', NULL, 'admin@fiuba.com', '2018-11-25 19:31:27'),
  (44, 'abalbuena@fiuba.com', '$2a$10$66h6kaiMXPp8aAMmXvT52e2/DaziVjtVfeY3vZW5Fe/o0OsSqxOaa', 'Agustín', 'Balbuena', 'abalbuena@fiuba.com', NULL, 1, NULL, '68974158435007449884', NULL, 'admin@fiuba.com', '2018-11-25 19:31:27', NULL, 'admin@fiuba.com', '2018-11-25 19:31:27'),
  (45, 'abargas@fiuba.com', '$2a$10$TlDNmKF8LwjZ1UMV5T41S.t82b4Ha..cFMCOhCaGNAPuNps2I8iK6', 'Ángel', 'Bargas', 'abargas@fiuba.com', NULL, 1, NULL, '27541099801060087075', NULL, 'admin@fiuba.com', '2018-11-25 19:31:28', NULL, 'admin@fiuba.com', '2018-11-25 19:31:28'),
  (46, 'mbrindisi@fiuba.com', '$2a$10$1kC7RO3QD.AroZiKY88YUuMq8MFBvsSyhoAXgkfVHgirjMS2Z5Sg6', 'Miguel', 'Brindisi', 'mbrindisi@fiuba.com', NULL, 1, NULL, '27417724916398026049', NULL, 'admin@fiuba.com', '2018-11-25 19:31:28', NULL, 'admin@fiuba.com', '2018-11-25 19:31:28'),
  (47, 'jcarrascosa@fiuba.com', '$2a$10$5J5XwVtkLp3oRi0Rp8e.veHLHFkpS.dQO6c2UDc7nMlXHrtGEksyK', 'Jorge', 'Carrascosa', 'jcarrascosa@fiuba.com', NULL, 1, NULL, '71153710020322444560', NULL, 'admin@fiuba.com', '2018-11-25 19:31:28', NULL, 'admin@fiuba.com', '2018-11-25 19:31:28'),
  (48, 'echazarreta@fiuba.com', '$2a$10$p1DG82d//cc6UnD8zYkSKu2kUIeIg2JbakDxiXpiOo3W1qaHb3Y4i', 'Enrique', 'Chazarreta', 'echazarreta@fiuba.com', NULL, 1, NULL, '18579088213696776496', NULL, 'admin@fiuba.com', '2018-11-25 19:31:28', NULL, 'admin@fiuba.com', '2018-11-25 19:31:28'),
  (49, 'rglaria@fiuba.com', '$2a$10$F06xZFpaxbiVDibxj8E1bu7sEFBwDfbHdV5KBkN.YizHqewd18D3a', 'Rubén Oscar', 'Glaria', 'rglaria@fiuba.com', NULL, 1, NULL, '81977589898143372614', NULL, 'admin@fiuba.com', '2018-11-25 19:31:29', NULL, 'admin@fiuba.com', '2018-11-25 19:31:29'),
  (50, 'rheredia@fiuba.com', '$2a$10$6ql2rNbgf/dwq6J2kVali.DpVBoRJvcW1fxC1JwsbZ3PE/t7K7gia', 'Ramón', 'Heredia', 'rheredia@fiuba.com', NULL, 1, NULL, '72343097272474873858', NULL, 'admin@fiuba.com', '2018-11-25 19:31:29', NULL, 'admin@fiuba.com', '2018-11-25 19:31:29'),
  (51, 'rhouseman@fiuba.com', '$2a$10$DSdbdpB37udCiwYpzrOMouuyoVshgYzQkVwM9cykyJwjT/eyt8GYO', 'René', 'Houseman', 'rhouseman@fiuba.com', NULL, 1, NULL, '95025337937742767058', NULL, 'admin@fiuba.com', '2018-11-25 19:31:29', NULL, 'admin@fiuba.com', '2018-11-25 19:31:29'),
  (52, 'ufillol@fiuba.com', '$2a$10$ClcF6Z13AYx0FsMbYJ1F6e9dvyhWjW.SOjOaRKFGaig0s0d1ncTlW', 'Ubaldo', 'Fillol', 'ufillol@fiuba.com', NULL, 1, NULL, '71575022891077491750', NULL, 'admin@fiuba.com', '2018-11-25 19:31:30', NULL, 'admin@fiuba.com', '2018-11-25 19:31:30'),
  (53, 'mkempes@fiuba.com', '$2a$10$jlKkMrZrsjP09V96V79Ptu7XdpNEHRCVOD1duBhtv5BvqGZuU8otu', 'Mario', 'Kempes', 'mkempes@fiuba.com', NULL, 1, NULL, '79944196919286365689', NULL, 'admin@fiuba.com', '2018-11-25 19:31:30', NULL, 'admin@fiuba.com', '2018-11-25 19:31:30'),
  (54, 'apoy@fiuba.com', '$2a$10$euv/y.aXc8Q1LTZ.VENT9u4nBdWmmpd9Fl5SkyQh2Tjg35hEeGKUy', 'Aldo', 'Poy', 'apoy@fiuba.com', NULL, 1, NULL, '71709426941244958098', NULL, 'admin@fiuba.com', '2018-11-25 19:31:30', NULL, 'admin@fiuba.com', '2018-11-25 19:31:30'),
  (55, 'fsa@fiuba.com', '$2a$10$xaI3U/qd/S3gcQo7zT0NXOkl34QyBiVaNcEUpBiRFor/pfAQ.13sq', 'Francisco', 'Sa', 'fsa@fiuba.com', NULL, 1, NULL, '56636213267422414604', NULL, 'admin@fiuba.com', '2018-11-25 19:31:31', NULL, 'admin@fiuba.com', '2018-11-25 19:31:31'),
  (56, 'csqueo@fiuba.com', '$2a$10$/apqwmje5qxvS2/IMUDrZegI6ECesBDz3N22MUBbhKG7CLSNGvY6S', 'Carlos', 'Squeo', 'csqueo@fiuba.com', NULL, 1, NULL, '47327013961777021011', NULL, 'admin@fiuba.com', '2018-11-25 19:31:31', NULL, 'admin@fiuba.com', '2018-11-25 19:31:31'),
  (57, 'rtelch@fiuba.com', '$2a$10$Qm5s6/EIU0Ny9RH1eEJF8eI1oZq80/lRmzakQ5xTmUUyjt/1XdbbW', 'Roberto', 'Telch', 'rtelch@fiuba.com', NULL, 1, NULL, '51532461908560861749', NULL, 'admin@fiuba.com', '2018-11-25 19:31:31', NULL, 'admin@fiuba.com', '2018-11-25 19:31:31'),
  (58, 'ntogneri@fiuba.com', '$2a$10$suVVSiWg4lFyTF4fg5I3nuDgO5FXrVfJLHlFEWi1QxjIPAUOu32gq', 'Néstor', 'Togneri', 'ntogneri@fiuba.com', NULL, 1, NULL, '79105978206705644366', NULL, 'admin@fiuba.com', '2018-11-25 19:31:31', NULL, 'admin@fiuba.com', '2018-11-25 19:31:31'),
  (59, 'ewolff@fiuba.com', '$2a$10$6YU05sxtFkwMI7yVuQjvkeTdb1.C36NTbIOho/RDa84rAOtxsLDHS', 'Enrique', 'Wolff', 'ewolff@fiuba.com', NULL, 1, NULL, '16044623532574338971', NULL, 'admin@fiuba.com', '2018-11-25 19:31:31', NULL, 'admin@fiuba.com', '2018-11-25 19:31:31'),
  (60, 'msantoro@fiuba.com', '$2a$10$XyBOQx281mWmr27FC/XAbeWF/HNPJjywv5rBM/VKi31BmELqU2EPS', 'Miguel', 'Santoro', 'msantoro@fiuba.com', NULL, 1, NULL, '31115435337731618432', NULL, 'admin@fiuba.com', '2018-11-25 19:31:32', NULL, 'admin@fiuba.com', '2018-11-25 19:31:32'),
  (61, 'hyasalde@fiuba.com', '$2a$10$R//RBXdSWsvtukEhLpEmIeUwChtiMEFLvEE8Wbf/bifiALL8WZP6K', 'Héctor', 'Yazalde', 'hyasalde@fiuba.com', NULL, 1, NULL, '13117366525566613805', NULL, 'admin@fiuba.com', '2018-11-25 19:31:32', NULL, 'admin@fiuba.com', '2018-11-25 19:31:32'),
  (62, 'nnapo@fiuba.com', '$2a$10$TTYhAAHdYn5QftVV2y7juOmBGrIDzQBxQ6fxmVpjF8Kcs5QBTrVlu', 'Norberto', 'Napolitano', 'nnapo@fiuba.com', NULL, 1, NULL, '77790962086144432986', NULL, 'admin@fiuba.com', '2018-11-25 19:31:46', NULL, 'admin@fiuba.com', '2018-11-25 19:31:46'),
  (63, 'fcabral@fiuba.com', '$2a$10$ddRSJwSESKfd4seziQVh6.6pl6Dv6/oh8ImqJbwXP7LMT9Vb5LHvK', 'Facundo', 'Cabral', 'fcabral@fiuba.com', NULL, 1, NULL, '07212979356608302241', NULL, 'admin@fiuba.com', '2018-11-25 19:31:46', NULL, 'admin@fiuba.com', '2018-11-25 19:31:46'),
  (64, 'aotero@fiuba.com', '$2a$10$mkgCoAJGIp/ZoZzIPkPtVuhTm.8FZc34zY4zDF7u9vKYDb4TctikK', 'Adrían', 'Otero', 'aotero@fiuba.com', NULL, 1, NULL, '06646715428833697340', NULL, 'admin@fiuba.com', '2018-11-25 19:31:46', NULL, 'admin@fiuba.com', '2018-11-25 19:31:46'),
  (65, 'npumpido@fiuba.com', '$2a$10$yRcIUXw2yBxkN4ae2LID.uWc.w9LbA2Yu8zY02TJyS17gXyZmnYvy', 'Nery', 'Pumpido', 'npumpido@fiuba.com', NULL, 1, NULL, '11233890754821060070', NULL, 'admin@fiuba.com', '2018-11-25 19:31:47', NULL, 'admin@fiuba.com', '2018-11-25 19:31:47'),
  (66, 'jbasualdo@fiuba.com', '$2a$10$raBa7gOBFvW64V0LVyTaF.OujMTabqAEpe/zmOeqYw6pA9F6PnekG', 'Jose', 'Basualdo', 'jbasualdo@fiuba.com', NULL, 1, NULL, '24622199393905970604', NULL, 'admin@fiuba.com', '2018-11-25 19:31:47', NULL, 'admin@fiuba.com', '2018-11-25 19:31:47'),
  (67, 'gcalderon@fiuba.com', '$2a$10$OrZC6yLVvOgu8lalcZfdkeqD1k4kXT48E6AV1ymDBk.0BTcndJkPS', 'Gabriel', 'Calderon', 'gcalderon@fiuba.com', NULL, 1, NULL, '39315848403772807939', NULL, 'admin@fiuba.com', '2018-11-25 19:31:47', NULL, 'admin@fiuba.com', '2018-11-25 19:31:47'),
  (68, 'gdezotti@fiuba.com', '$2a$10$/UNrVey9JrB1iSUiBCcw/ucf5NNjY4WG38FMaODwi/ND.BRv7AfQa', 'Gustavo', 'Dezotti', 'gdezotti@fiuba.com', NULL, 1, NULL, '72239264497527793021', NULL, 'admin@fiuba.com', '2018-11-25 19:31:47', NULL, 'admin@fiuba.com', '2018-11-25 19:31:47'),
  (69, 'nfabbri@fiuba.com', '$2a$10$MgFLiE6EP7u/gabdzEesM.sqLWbgsCjSiPfP3WXAPRKaGXiY0gAUa', 'Néstor', 'Fabbri', 'nfabbri@fiuba.com', NULL, 1, NULL, '20067706610193632583', NULL, 'admin@fiuba.com', '2018-11-25 19:31:47', NULL, 'admin@fiuba.com', '2018-11-25 19:31:47'),
  (70, 'nlorenzo@fiuba.com', '$2a$10$qnpl8VOONOl0pgNhb6uLpOHkojqRy1yhp93ujhCbZGojjI6vzztCG', 'Néstor', 'Lorenzo', 'nlorenzo@fiuba.com', NULL, 1, NULL, '27014603309082760086', NULL, 'admin@fiuba.com', '2018-11-25 19:31:47', NULL, 'admin@fiuba.com', '2018-11-25 19:31:47'),
  (71, 'rgiusti@fiuba.com', '$2a$10$k5/Dzsx1f0vDd1EJKLekuOTmowwYM2GrUEA3X87JjaEVx/PCG4a6q', 'Ricardo', 'Giusti', 'rgiusti@fiuba.com', NULL, 1, NULL, '51697625440506974816', NULL, 'admin@fiuba.com', '2018-11-25 19:31:47', NULL, 'admin@fiuba.com', '2018-11-25 19:31:47'),
  (72, 'jolarticoechea@fiuba.com', '$2a$10$jGP56Q/70EPCNbmM9fMMguq4pCopNiog195/a1Ef24XvR2liGok6.', 'Julio', 'Olarticoechea', 'jolarticoechea@fiuba.com', NULL, 1, NULL, '26279872135648676379', NULL, 'admin@fiuba.com', '2018-11-25 19:31:48', NULL, 'admin@fiuba.com', '2018-11-25 19:31:48'),
  (73, 'jserrizuela@fiuba.com', '$2a$10$yfE02AS1UtQzoAh9NVnqFOAQ3DDc9VYAxoKWq0mWml2d9iNCfJxY.', 'José', 'Serrizuela', 'jserrizuela@fiuba.com', NULL, 1, NULL, '85416103344185198277', NULL, 'admin@fiuba.com', '2018-11-25 19:31:48', NULL, 'admin@fiuba.com', '2018-11-25 19:31:48'),
  (74, 'jsimon@fiuba.com', '$2a$10$sJ71duz9alaB8ldD799wc.xqR43Aw3cAfTGGDzu909EUOYAChhrwK', 'Juan', 'Simón', 'jsimon@fiuba.com', NULL, 1, NULL, '52943087760600527308', NULL, 'admin@fiuba.com', '2018-11-25 19:31:48', NULL, 'admin@fiuba.com', '2018-11-25 19:31:48'),
  (75, 'fcancelarich@fiuba.com', '$2a$10$BfUZLRcqfvpcTQITC3toI.BRR/Rk.O3qiYM/z..CTv5pFgxb9jNyK', 'Fabián', 'Cancelarich', 'fcancelarich@fiuba.com', NULL, 1, NULL, '57269743804896073782', NULL, 'admin@fiuba.com', '2018-11-25 19:31:48', NULL, 'admin@fiuba.com', '2018-11-25 19:31:48'),
  (76, 'svazques@fiuba.com', '$2a$10$qeNJs/1hX/V/OGgvqE8WD.Lv98mTmeert7ZYkuQXlGX180zrbChki', 'Sergio', 'Vázquez', 'svazques@fiuba.com', NULL, 1, NULL, '86969294410432243467', NULL, 'admin@fiuba.com', '2018-11-25 19:31:48', NULL, 'admin@fiuba.com', '2018-11-25 19:31:48'),
  (77, 'jchamot@fiuba.com', '$2a$10$p.A8.RD9JxW4hO/xvUFJFelAkfPDxCTlyU9S52vFJROekwDXxXhc6', 'José', 'Chamot', 'jchamot@fiuba.com', NULL, 1, NULL, '41434949220932731428', NULL, 'admin@fiuba.com', '2018-11-25 19:31:48', NULL, 'admin@fiuba.com', '2018-11-25 19:31:48'),
  (78, 'rsensini@fiuba.com', '$2a$10$/sdZB7VftXMgxVkUR6DrX.T0eLnK0Nh2aQodMqGH3TmISnXmxWs6y', 'Roberto', 'Sensini', 'rsensini@fiuba.com', NULL, 1, NULL, '26442316459570239029', NULL, 'admin@fiuba.com', '2018-11-25 19:31:48', NULL, 'admin@fiuba.com', '2018-11-25 19:31:48'),
  (79, 'fredondo@fiuba.com', '$2a$10$qckO0AwYC.vJTUmdG9/oxeLfISbKWNdUAaW5MX1.Uq1YlrprvZjvK', 'Fernando', 'Redondo', 'fredondo@fiuba.com', NULL, 1, NULL, '62390297937811319907', NULL, 'admin@fiuba.com', '2018-11-25 19:31:48', NULL, 'admin@fiuba.com', '2018-11-25 19:31:48'),
  (80, 'fcaceres@fiuba.com', '$2a$10$Ipa6PKvl.4YPHy25p.aHpeFDhe/JW7fwLbeWEbzMJuwzOxAhyQ4wG', 'Fernando', 'Cáceres', 'fcaceres@fiuba.com', NULL, 1, NULL, '35930898521989779539', NULL, 'admin@fiuba.com', '2018-11-25 19:31:49', NULL, 'admin@fiuba.com', '2018-11-25 19:31:49'),
  (81, 'jborelli@fiuba.com', '$2a$10$.4lqj3C7aAPbuCeu7Y5a7eMB7uN9MYGkecSlv.9Xgcv8xglm7HWDe', 'Jorge', 'Borelli', 'jborelli@fiuba.com', NULL, 1, NULL, '25017762765614795726', NULL, 'admin@fiuba.com', '2018-11-25 19:31:49', NULL, 'admin@fiuba.com', '2018-11-25 19:31:49'),
  (82, 'hperez@fiuba.com', '$2a$10$DvuoPsjFDKG0UrRJqtqDluCqQ5oZRJUPP6QMPXfGsMNSqgqxQCCGS', 'Hugo', 'Pérez', 'hperez@fiuba.com', NULL, 1, NULL, '25696864204275379030', NULL, 'admin@fiuba.com', '2018-11-25 19:31:49', NULL, 'admin@fiuba.com', '2018-11-25 19:31:49'),
  (83, 'lrodriguez@fiuba.com', '$2a$10$BqLzno6mwkHw97pgwhgUqe0yK04RoLUfUavmNHMohvZxul8RYrN.6', 'Leonardo', 'Rodríguez', 'lrodriguez@fiuba.com', NULL, 1, NULL, '93196978587931006706', NULL, 'admin@fiuba.com', '2018-11-25 19:31:49', NULL, 'admin@fiuba.com', '2018-11-25 19:31:49'),
  (84, 'nscoponi@fiuba.com', '$2a$10$/WUeJC2G.1tGVqifARNPxOQOXZT0vfCImpVR03jzqkFNNvlcKRX.e', 'Norberto', 'Scoponi', 'nscoponi@fiuba.com', NULL, 1, NULL, '58914017663658954141', NULL, 'admin@fiuba.com', '2018-11-25 19:31:49', NULL, 'admin@fiuba.com', '2018-11-25 19:31:49'),
  (85, 'lislas@fiuba.com', '$2a$10$EElSlRYokilu/TnP6QKnluWJ6XhFr3GY4alV3.tnvmBsNQOTVC9HK', 'Luis', 'Islas', 'lislas@fiuba.com', NULL, 1, NULL, '25124343028550985943', NULL, 'admin@fiuba.com', '2018-11-25 19:31:49', NULL, 'admin@fiuba.com', '2018-11-25 19:31:49'),
  (86, 'croa@fiuba.com', '$2a$10$lR1cdrH//MVHVZvSmmXpoedkuc/8rtClBgGHxFRmeMlb8AEN.0YsW', 'Carlos', 'Roa', 'croa@fiuba.com', NULL, 1, NULL, '92583656315477328769', NULL, 'admin@fiuba.com', '2018-11-25 19:31:49', NULL, 'admin@fiuba.com', '2018-11-25 19:31:49'),
  (87, 'nvivas@fiuba.com', '$2a$10$r5lHm.hh9mRE13DvYEjCgetnxxMKSsRKEgB5VoHrupIv4db6Kqay.', 'Nelson', 'Vivas', 'nvivas@fiuba.com', NULL, 1, NULL, '25752941571343739081', NULL, 'admin@fiuba.com', '2018-11-25 19:31:50', NULL, 'admin@fiuba.com', '2018-11-25 19:31:50'),
  (88, 'sberti@fiuba.com', '$2a$10$JSUp4TFBr3biPS3DCjLKqeyx7OzBG0bJuoFbyvO5b6YymFo/qZP0u', 'Sergio', 'Berti', 'sberti@fiuba.com', NULL, 1, NULL, '59937171797409113274', NULL, 'admin@fiuba.com', '2018-11-25 19:31:50', NULL, 'admin@fiuba.com', '2018-11-25 19:31:50'),
  (89, 'jzanetti@fiuba.com', '$2a$10$rz4cU21sizRFdQ2bP8DaluQY0k8J5qw1oXZhAOcJtODwYVRUywIz2', 'Javier', 'Zanetti', 'jzanetti@fiuba.com', NULL, 1, NULL, '98192687542295635423', NULL, 'admin@fiuba.com', '2018-11-25 19:31:50', NULL, 'admin@fiuba.com', '2018-11-25 19:31:50');

INSERT INTO `jhi_user_authority` (`user_id`, `authority_name`)
VALUES
  (5, 'ROLE_PROFESOR'),
  (6, 'ROLE_PROFESOR'),
  (7, 'ROLE_PROFESOR'),
  (8, 'ROLE_ALUMNO'),
  (9, 'ROLE_ALUMNO'),
  (10, 'ROLE_ALUMNO'),
  (11, 'ROLE_ALUMNO'),
  (12, 'ROLE_ALUMNO'),
  (13, 'ROLE_ALUMNO'),
  (14, 'ROLE_ALUMNO'),
  (14, 'ROLE_PROFESOR'),
  (15, 'ROLE_ADMIN'),
  (16, 'ROLE_ADM_DPTO'),
  (17, 'ROLE_ALUMNO'),
  (18, 'ROLE_ALUMNO'),
  (19, 'ROLE_ALUMNO'),
  (20, 'ROLE_ALUMNO'),
  (21, 'ROLE_ALUMNO'),
  (22, 'ROLE_ALUMNO'),
  (23, 'ROLE_ALUMNO'),
  (24, 'ROLE_ALUMNO'),
  (25, 'ROLE_ALUMNO'),
  (26, 'ROLE_ALUMNO'),
  (27, 'ROLE_ALUMNO'),
  (28, 'ROLE_ALUMNO'),
  (29, 'ROLE_ALUMNO'),
  (30, 'ROLE_ALUMNO'),
  (31, 'ROLE_ALUMNO'),
  (32, 'ROLE_ALUMNO'),
  (33, 'ROLE_ALUMNO'),
  (34, 'ROLE_ALUMNO'),
  (35, 'ROLE_ALUMNO'),
  (36, 'ROLE_ALUMNO'),
  (37, 'ROLE_ALUMNO'),
  (38, 'ROLE_ALUMNO'),
  (39, 'ROLE_ALUMNO'),
  (40, 'ROLE_ALUMNO'),
  (41, 'ROLE_ALUMNO'),
  (42, 'ROLE_ALUMNO'),
  (42, 'ROLE_PROFESOR'),
  (43, 'ROLE_ALUMNO'),
  (44, 'ROLE_ALUMNO'),
  (45, 'ROLE_ALUMNO'),
  (46, 'ROLE_ALUMNO'),
  (47, 'ROLE_ALUMNO'),
  (48, 'ROLE_ALUMNO'),
  (49, 'ROLE_ALUMNO'),
  (50, 'ROLE_ALUMNO'),
  (51, 'ROLE_ALUMNO'),
  (52, 'ROLE_ALUMNO'),
  (53, 'ROLE_ALUMNO'),
  (54, 'ROLE_ALUMNO'),
  (55, 'ROLE_ALUMNO'),
  (56, 'ROLE_ALUMNO'),
  (57, 'ROLE_ALUMNO'),
  (58, 'ROLE_ALUMNO'),
  (59, 'ROLE_ALUMNO'),
  (60, 'ROLE_ALUMNO'),
  (61, 'ROLE_ALUMNO'),
  (62, 'ROLE_PROFESOR'),
  (63, 'ROLE_PROFESOR'),
  (64, 'ROLE_PROFESOR'),
  (65, 'ROLE_PROFESOR'),
  (66, 'ROLE_PROFESOR'),
  (67, 'ROLE_PROFESOR'),
  (68, 'ROLE_PROFESOR'),
  (69, 'ROLE_PROFESOR'),
  (70, 'ROLE_PROFESOR'),
  (71, 'ROLE_PROFESOR'),
  (72, 'ROLE_PROFESOR'),
  (73, 'ROLE_PROFESOR'),
  (74, 'ROLE_PROFESOR'),
  (75, 'ROLE_PROFESOR'),
  (76, 'ROLE_PROFESOR'),
  (77, 'ROLE_PROFESOR'),
  (78, 'ROLE_PROFESOR'),
  (79, 'ROLE_PROFESOR'),
  (80, 'ROLE_PROFESOR'),
  (81, 'ROLE_PROFESOR'),
  (82, 'ROLE_PROFESOR'),
  (83, 'ROLE_PROFESOR'),
  (84, 'ROLE_PROFESOR'),
  (85, 'ROLE_PROFESOR'),
  (86, 'ROLE_PROFESOR'),
  (87, 'ROLE_PROFESOR'),
  (88, 'ROLE_PROFESOR'),
  (89, 'ROLE_PROFESOR');


INSERT INTO `periodo` (`id`, `cuatrimestre`, `anio`)
VALUES
  (1, 'PRIMERO', '2017'),
  (2, 'SEGUNDO', '2017'),
  (3, 'PRIMERO', '2018'),
  (4, 'SEGUNDO', '2018');

INSERT INTO `profesor` (`id`, `nombre`, `apellido`, `user_id`)
VALUES
  (1, 'Mercedes', 'Sosa', 5),
  (2, 'Gustavo', 'Cerati', 6),
  (3, 'Luis Alberto', 'Spinetta', 7),
  (4, 'Elvis', 'Presley', 14),
  (5, 'Norberto', 'Napolitano', 62),
  (6, 'Facundo', 'Cabral', 63),
  (7, 'Adrían', 'Otero', 64),
  (8, 'Nery', 'Pumpido', 65),
  (9, 'Jose', 'Basualdo', 66),
  (10, 'Gabriel', 'Calderon', 67),
  (11, 'Gustavo', 'Dezotti', 68),
  (12, 'Néstor', 'Fabbri', 69),
  (13, 'Néstor', 'Lorenzo', 70),
  (14, 'Ricardo', 'Giusti', 71),
  (15, 'Julio', 'Olarticoechea', 72),
  (16, 'José', 'Serrizuela', 73),
  (17, 'Juan', 'Simón', 74),
  (18, 'Fabián', 'Cancelarich', 75),
  (19, 'Sergio', 'Vázquez', 76),
  (20, 'José', 'Chamot', 77),
  (21, 'Roberto', 'Sensini', 78),
  (22, 'Fernando', 'Redondo', 79),
  (23, 'Fernando', 'Cáceres', 80),
  (24, 'Jorge', 'Borelli', 81),
  (25, 'Hugo', 'Pérez', 82),
  (26, 'Leonardo', 'Rodríguez', 83),
  (27, 'Luis', 'Islas', 85),
  (28, 'Carlos', 'Roa', 86),
  (29, 'Roberto', 'Ayala', 42),
  (30, 'Nelson', 'Vivas', 87),
  (31, 'Sergio', 'Berti', 88),
  (32, 'Javier', 'Zanetti', 89),
  (33, 'Norberto', 'Scoponi', 84);

INSERT INTO `alumno` (`id`, `nombre`, `apellido`, `padron`, `prioridad`, `firebase_token`, `user_id`)
VALUES
  (1, 'Fito', 'Paez', '1000', 10, NULL, 8),
  (2, 'Leon', 'Gieco', '2000', 10, NULL, 9),
  (3, 'Charly', 'Garcia', '3000', 20, NULL, 10),
  (4, 'Gustavo', 'Cordera', '4000', 30, NULL, 11),
  (5, 'Fabiana', 'Cantilo', '5000', 60, NULL, 12),
  (6, 'Hilda', 'Lizarazu', '6000', 32, NULL, 13),
  (7, 'Elvis', 'Presley', '6000', 12, NULL, 14),
  (8, 'Mercedes', 'Sosa', '10003', 45, NULL, 5),
  (9, 'Daniel', 'Kux', '80561', 22, NULL, 17),
  (10, 'Victor', 'Heredia', '80560', 22, NULL, 18),
  (11, 'Antonio', 'Roma', '100', 3, NULL, 19),
  (12, 'Rolando', 'Irusta', '101', 3, NULL, 20),
  (13, 'Hugo', 'Gatti', '102', 3, NULL, 21),
  (14, 'Roberto', 'Perfumo', '103', 3, NULL, 22),
  (15, 'José', 'Varacka', '104', 3, NULL, 23),
  (16, 'Oscar', 'Calics', '105', 3, NULL, 24),
  (17, 'Silvio', 'Marzolini', '106', 3, NULL, 25),
  (18, 'Roberto', 'Ferreiro', '107', 3, NULL, 26),
  (19, 'Carmelo', 'Simeone', '108', 3, NULL, 27),
  (20, 'Antonio', 'Rattín', '109', 3, NULL, 28),
  (21, 'José Omar', 'Pastoriza', '110', 3, NULL, 29),
  (22, 'Rafael', 'Albrecht', '111', 3, NULL, 30),
  (23, 'Nelson', 'López', '112', 3, NULL, 31),
  (24, 'Mario', 'Chaldú', '113', 3, NULL, 32),
  (25, 'Jorge', 'Solari', '114', 3, NULL, 33),
  (26, 'Alberto', 'González', '115', 3, NULL, 34),
  (27, 'Juan Carlos', 'Sarnari', '116', 3, NULL, 35),
  (28, 'Alfredo', 'Rojas', '117', 3, NULL, 36),
  (29, 'Luis', 'Artime', '118', 3, NULL, 37),
  (30, 'Ermindo', 'Onega', '119', 3, NULL, 38),
  (31, 'Oscar', 'Más', '120', 3, NULL, 39),
  (32, 'Aníbal', 'Tarabini', '121', 3, NULL, 40),
  (33, 'Daniel', 'Carnevali', '122', 3, NULL, 41),
  (34, 'Rubén', 'Ayala', '123', 3, NULL, 42),
  (35, 'Carlos', 'Babington', '124', 3, NULL, 43),
  (36, 'Agustín', 'Balbuena', '125', 3, NULL, 44),
  (37, 'Ángel', 'Bargas', '126', 3, NULL, 45),
  (38, 'Miguel', 'Brindisi', '127', 3, NULL, 46),
  (39, 'Jorge', 'Carrascosa', '128', 3, NULL, 47),
  (40, 'Enrique', 'Chazarreta', '129', 3, NULL, 48),
  (41, 'Rubén Oscar', 'Glaria', '130', 3, NULL, 49),
  (42, 'Ramón', 'Heredia', '131', 3, NULL, 50),
  (43, 'René', 'Houseman', '132', 3, NULL, 51),
  (44, 'Ubaldo', 'Fillol', '133', 3, NULL, 52),
  (45, 'Mario', 'Kempes', '134', 3, NULL, 53),
  (46, 'Aldo', 'Poy', '136', 3, NULL, 54),
  (47, 'Francisco', 'Sa', '137', 3, NULL, 55),
  (48, 'Carlos', 'Squeo', '138', 3, NULL, 56),
  (49, 'Roberto', 'Telch', '139', 3, NULL, 57),
  (50, 'Néstor', 'Togneri', '140', 3, NULL, 58),
  (51, 'Enrique', 'Wolff', '141', 3, NULL, 59),
  (52, 'Miguel', 'Santoro', '142', 3, NULL, 60),
  (53, 'Héctor', 'Yazalde', '143', 3, NULL, 61);

INSERT INTO `alumno_carrera` (`id`, `alumno_id`, `carrera_id`)
VALUES
  (1, 1, 6),
  (2, 1, 12),
  (3, 2, 1),
  (4, 3, 6),
  (5, 4, 6),
  (6, 5, 6),
  (7, 6, 6),
  (8, 8, 9),
  (9, 9, 9),
  (10, 9, 10),
  (11, 10, 8),
  (12, 11, 4),
  (13, 11, 6),
  (14, 12, 4),
  (15, 12, 6),
  (16, 13, 4),
  (17, 13, 6),
  (18, 14, 4),
  (19, 14, 6),
  (20, 15, 4),
  (21, 15, 6),
  (22, 16, 4),
  (23, 16, 6),
  (24, 17, 4),
  (25, 17, 6),
  (26, 18, 4),
  (27, 18, 6),
  (28, 19, 4),
  (29, 19, 6),
  (30, 20, 4),
  (31, 20, 6),
  (32, 21, 4),
  (33, 21, 6),
  (34, 22, 4),
  (35, 22, 6),
  (36, 23, 4),
  (37, 23, 6),
  (38, 24, 4),
  (39, 24, 6),
  (40, 25, 4),
  (41, 25, 6),
  (42, 26, 4),
  (43, 26, 6),
  (44, 27, 4),
  (45, 27, 6),
  (46, 28, 4),
  (47, 28, 6),
  (48, 29, 4),
  (49, 29, 6),
  (50, 30, 4),
  (51, 30, 6),
  (52, 31, 4),
  (53, 31, 6),
  (54, 32, 4),
  (55, 32, 6),
  (56, 33, 4),
  (57, 33, 6),
  (58, 34, 4),
  (59, 34, 6),
  (60, 35, 4),
  (61, 35, 6),
  (62, 36, 4),
  (63, 36, 6),
  (64, 37, 4),
  (65, 37, 6),
  (66, 38, 4),
  (67, 38, 6),
  (68, 39, 4),
  (69, 39, 6),
  (70, 40, 4),
  (71, 40, 6),
  (72, 41, 4),
  (73, 41, 6),
  (74, 42, 4),
  (75, 42, 6),
  (76, 43, 4),
  (77, 43, 6),
  (78, 44, 4),
  (79, 44, 6),
  (80, 45, 4),
  (81, 45, 6),
  (82, 46, 4),
  (83, 46, 6),
  (84, 47, 4),
  (85, 47, 6),
  (86, 48, 4),
  (87, 48, 6),
  (88, 49, 4),
  (89, 49, 6),
  (90, 50, 4),
  (91, 50, 6),
  (92, 51, 4),
  (93, 51, 6),
  (94, 52, 4),
  (95, 52, 6),
  (96, 53, 4),
  (97, 53, 6);

INSERT INTO `materia` (`id`, `nombre`, `codigo`, `creditos`, `departamento_id`, `carrera_id`)
VALUES
  (1, 'Tesis', '75.00', 20, 2, 6),
  (2, 'Computación', '75.01', 6, 2, 6),
  (3, 'Algoritmos y Programación I', '75.02', 6, 2, 6),
  (4, 'Organización del Computador', '75.03', 6, 2, 6),
  (5, 'Legal', '71.03', 6, 8, 6),
  (6, 'Legal', '71.03', 6, 8, 4),
  (7, 'Algoritmos y Programación II', '75.04', 6, 2, 6),
  (8, 'Organización de Datos', '75.06', 6, 2, 6),
  (9, 'Algoritmos y Programación III ', '75.07', 6, 2, 6),
  (10, 'Tesis de Ingeniería Electrónica', '66.00', 20, 4, 4),
  (11, 'Técnica Digital', '66.01', 6, 4, 4),
  (12, 'Laboratorio', '66.02', 6, 4, 6),
  (13, 'Electrónica I', '66.04', 6, 4, 4),
  (14, 'Electrónica II ', '66.05', 6, 4, 4),
  (15, 'Análisis de Circuitos', '66.06', 10, 4, 4),
  (16, 'Análisis de Circuitos', '66.06', 10, 4, 6),
  (17, 'Análisis Matemático II A', '61.03', 8, 14, 4),
  (18, 'Análisis Matemático II A', '61.03', 8, 14, 6),
  (19, 'Probabilidad y Estadística B', '61.09', 6, 14, 4),
  (20, 'Probabilidad y Estadística B', '61.09', 6, 14, 6),
  (21, 'Análisis Matemático III A', '61.10', 6, 14, 4),
  (22, 'Análisis Matemático III A', '61.10', 6, 14, 6),
  (23, 'Física I A', '62.01', 6, 7, 4),
  (24, 'Física I A', '62.01', 6, 7, 6),
  (25, 'Física II A', '62.03', 6, 7, 4),
  (26, 'Física II A', '62.03', 6, 7, 6),
  (27, 'Fisica III', '62.05', 10, 7, 4),
  (28, 'Física III D', '62.15', 6, 7, 6);


INSERT INTO `curso` (`id`, `estado`, `vacantes`, `numero`, `profesor_id`, `periodo_id`, `materia_id`)
VALUES
  (1, 'ACTIVO', 6, 1, 1, 1, 1),
  (2, 'ACTIVO', 2, 1, 1, 1, 2),
  (3, 'ACTIVO', 20, 2, 2, 1, 2),
  (4, 'ACTIVO', 20, 1, 2, 1, 3),
  (5, 'ACTIVO', 20, 1, 2, 1, 4),
  (6, 'ACTIVO', 20, 2, 3, 1, 4),
  (7, 'ACTIVO', 20, 1, 3, 1, 5),
  (8, 'ACTIVO', 20, 1, 3, 1, 6),
  (9, 'ACTIVO', 20, 2, 4, 1, 5),
  (10, 'ACTIVO', 20, 2, 4, 1, 6),
  (11, 'ACTIVO', 20, 1, 4, 1, 7),
  (12, 'ACTIVO', 20, 2, 5, 1, 7),
  (13, 'ACTIVO', 20, 1, 5, 1, 8),
  (14, 'ACTIVO', 20, 1, 5, 1, 9),
  (15, 'ACTIVO', 20, 3, 6, 1, 7),
  (16, 'ACTIVO', 20, 2, 6, 1, 8),
  (17, 'ACTIVO', 20, 2, 6, 1, 9),
  (18, 'ACTIVO', 20, 3, 7, 1, 8),
  (19, 'ACTIVO', 20, 3, 7, 1, 9),
  (20, 'ACTIVO', 20, 1, 8, 1, 10),
  (21, 'ACTIVO', 20, 1, 8, 1, 11),
  (22, 'ACTIVO', 20, 1, 8, 1, 14),
  (23, 'ACTIVO', 20, 2, 9, 1, 11),
  (24, 'ACTIVO', 20, 1, 9, 1, 12),
  (25, 'ACTIVO', 20, 1, 9, 1, 13),
  (26, 'ACTIVO', 20, 2, 10, 1, 13),
  (27, 'ACTIVO', 20, 2, 10, 1, 14),
  (28, 'ACTIVO', 20, 1, 10, 1, 15),
  (29, 'ACTIVO', 20, 3, 11, 1, 13),
  (30, 'ACTIVO', 20, 3, 11, 1, 14),
  (31, 'ACTIVO', 20, 2, 11, 1, 15),
  (32, 'ACTIVO', 20, 4, 12, 1, 14),
  (33, 'ACTIVO', 20, 3, 12, 1, 15),
  (34, 'ACTIVO', 20, 1, 13, 1, 17),
  (35, 'ACTIVO', 20, 1, 13, 1, 18),
  (36, 'ACTIVO', 20, 2, 14, 1, 17),
  (37, 'ACTIVO', 20, 2, 14, 1, 18),
  (38, 'ACTIVO', 20, 3, 15, 1, 17),
  (39, 'ACTIVO', 20, 3, 15, 1, 18),
  (40, 'ACTIVO', 20, 4, 16, 1, 17),
  (41, 'ACTIVO', 20, 4, 16, 1, 18),
  (42, 'ACTIVO', 20, 5, 17, 1, 17),
  (43, 'ACTIVO', 20, 5, 17, 1, 18),
  (44, 'ACTIVO', 20, 1, 18, 1, 19),
  (45, 'ACTIVO', 20, 1, 18, 1, 20),
  (46, 'ACTIVO', 20, 2, 19, 1, 19),
  (47, 'ACTIVO', 20, 2, 19, 1, 20),
  (48, 'ACTIVO', 20, 3, 20, 1, 19),
  (49, 'ACTIVO', 20, 3, 20, 1, 20),
  (50, 'ACTIVO', 20, 1, 21, 1, 21),
  (51, 'ACTIVO', 20, 1, 21, 1, 22),
  (52, 'ACTIVO', 20, 2, 22, 1, 21),
  (53, 'ACTIVO', 20, 2, 22, 1, 22),
  (54, 'ACTIVO', 20, 1, 23, 1, 23),
  (55, 'ACTIVO', 20, 1, 23, 1, 24),
  (56, 'ACTIVO', 20, 2, 24, 1, 23),
  (57, 'ACTIVO', 20, 2, 24, 1, 24),
  (58, 'ACTIVO', 20, 3, 25, 1, 23),
  (59, 'ACTIVO', 20, 3, 25, 1, 24),
  (60, 'ACTIVO', 20, 4, 26, 1, 23),
  (61, 'ACTIVO', 20, 4, 26, 1, 24),
  (62, 'ACTIVO', 20, 1, 27, 1, 25),
  (63, 'ACTIVO', 20, 1, 27, 1, 26),
  (64, 'ACTIVO', 20, 2, 28, 1, 25),
  (65, 'ACTIVO', 20, 2, 28, 1, 26),
  (66, 'ACTIVO', 20, 3, 29, 1, 25),
  (67, 'ACTIVO', 20, 3, 29, 1, 26),
  (68, 'ACTIVO', 20, 1, 30, 1, 27),
  (69, 'ACTIVO', 20, 2, 31, 1, 27),
  (70, 'ACTIVO', 20, 1, 32, 1, 28),
  (71, 'ACTIVO', 20, 2, 33, 1, 28),
  (72, 'ACTIVO', 6, 1, 1, 2, 1),
  (73, 'ACTIVO', 2, 1, 1, 2, 2),
  (74, 'ACTIVO', 20, 2, 2, 2, 2),
  (75, 'ACTIVO', 20, 1, 2, 2, 3),
  (76, 'ACTIVO', 20, 1, 2, 2, 4),
  (77, 'ACTIVO', 20, 2, 3, 2, 4),
  (78, 'ACTIVO', 20, 1, 3, 2, 5),
  (79, 'ACTIVO', 20, 1, 3, 2, 6),
  (80, 'ACTIVO', 20, 2, 4, 2, 5),
  (81, 'ACTIVO', 20, 2, 4, 2, 6),
  (82, 'ACTIVO', 20, 1, 4, 2, 7),
  (83, 'ACTIVO', 20, 2, 5, 2, 7),
  (84, 'ACTIVO', 20, 1, 5, 2, 8),
  (85, 'ACTIVO', 20, 1, 5, 2, 9),
  (86, 'ACTIVO', 20, 3, 6, 2, 7),
  (87, 'ACTIVO', 20, 2, 6, 2, 8),
  (88, 'ACTIVO', 20, 2, 6, 2, 9),
  (89, 'ACTIVO', 20, 3, 7, 2, 8),
  (90, 'ACTIVO', 20, 3, 7, 2, 9),
  (91, 'ACTIVO', 20, 1, 8, 2, 10),
  (92, 'ACTIVO', 20, 1, 8, 2, 11),
  (93, 'ACTIVO', 20, 1, 8, 2, 14),
  (94, 'ACTIVO', 20, 2, 9, 2, 11),
  (95, 'ACTIVO', 20, 1, 9, 2, 12),
  (96, 'ACTIVO', 20, 1, 9, 2, 13),
  (97, 'ACTIVO', 20, 2, 10, 2, 13),
  (98, 'ACTIVO', 20, 2, 10, 2, 14),
  (99, 'ACTIVO', 20, 1, 10, 2, 15),
  (100, 'ACTIVO', 20, 3, 11, 2, 13),
  (101, 'ACTIVO', 20, 3, 11, 2, 14),
  (102, 'ACTIVO', 20, 2, 11, 2, 15),
  (103, 'ACTIVO', 20, 4, 12, 2, 14),
  (104, 'ACTIVO', 20, 3, 12, 2, 15),
  (105, 'ACTIVO', 20, 1, 13, 2, 17),
  (106, 'ACTIVO', 20, 1, 13, 2, 18),
  (107, 'ACTIVO', 20, 2, 14, 2, 17),
  (108, 'ACTIVO', 20, 2, 14, 2, 18),
  (109, 'ACTIVO', 20, 3, 15, 2, 17),
  (110, 'ACTIVO', 20, 3, 15, 2, 18),
  (111, 'ACTIVO', 20, 4, 16, 2, 17),
  (112, 'ACTIVO', 20, 4, 16, 2, 18),
  (113, 'ACTIVO', 20, 5, 17, 2, 17),
  (114, 'ACTIVO', 20, 5, 17, 2, 18),
  (115, 'ACTIVO', 20, 1, 18, 2, 19),
  (116, 'ACTIVO', 20, 1, 18, 2, 20),
  (117, 'ACTIVO', 20, 2, 19, 2, 19),
  (118, 'ACTIVO', 20, 2, 19, 2, 20),
  (119, 'ACTIVO', 20, 3, 20, 2, 19),
  (120, 'ACTIVO', 20, 3, 20, 2, 20),
  (121, 'ACTIVO', 20, 1, 21, 2, 21),
  (122, 'ACTIVO', 20, 1, 21, 2, 22),
  (123, 'ACTIVO', 20, 2, 22, 2, 21),
  (124, 'ACTIVO', 20, 2, 22, 2, 22),
  (125, 'ACTIVO', 20, 1, 23, 2, 23),
  (126, 'ACTIVO', 20, 1, 23, 2, 24),
  (127, 'ACTIVO', 20, 2, 24, 2, 23),
  (128, 'ACTIVO', 20, 2, 24, 2, 24),
  (129, 'ACTIVO', 20, 3, 25, 2, 23),
  (130, 'ACTIVO', 20, 3, 25, 2, 24),
  (131, 'ACTIVO', 20, 4, 26, 2, 23),
  (132, 'ACTIVO', 20, 4, 26, 2, 24),
  (133, 'ACTIVO', 20, 1, 27, 2, 25),
  (134, 'ACTIVO', 20, 1, 27, 2, 26),
  (135, 'ACTIVO', 20, 2, 28, 2, 25),
  (136, 'ACTIVO', 20, 2, 28, 2, 26),
  (137, 'ACTIVO', 20, 3, 29, 2, 25),
  (138, 'ACTIVO', 20, 3, 29, 2, 26),
  (139, 'ACTIVO', 20, 1, 30, 2, 27),
  (140, 'ACTIVO', 20, 2, 31, 2, 27),
  (141, 'ACTIVO', 20, 1, 32, 2, 28),
  (142, 'ACTIVO', 20, 2, 33, 2, 28),
  (143, 'ACTIVO', 6, 1, 1, 3, 1),
  (144, 'ACTIVO', 2, 1, 1, 3, 2),
  (145, 'ACTIVO', 20, 2, 2, 3, 2),
  (146, 'ACTIVO', 20, 1, 2, 3, 3),
  (147, 'ACTIVO', 20, 1, 2, 3, 4),
  (148, 'ACTIVO', 20, 2, 3, 3, 4),
  (149, 'ACTIVO', 20, 1, 3, 3, 5),
  (150, 'ACTIVO', 20, 1, 3, 3, 6),
  (151, 'ACTIVO', 20, 2, 4, 3, 5),
  (152, 'ACTIVO', 20, 2, 4, 3, 6),
  (153, 'ACTIVO', 20, 1, 4, 3, 7),
  (154, 'ACTIVO', 20, 2, 5, 3, 7),
  (155, 'ACTIVO', 20, 1, 5, 3, 8),
  (156, 'ACTIVO', 20, 1, 5, 3, 9),
  (157, 'ACTIVO', 20, 3, 6, 3, 7),
  (158, 'ACTIVO', 20, 2, 6, 3, 8),
  (159, 'ACTIVO', 20, 2, 6, 3, 9),
  (160, 'ACTIVO', 20, 3, 7, 3, 8),
  (161, 'ACTIVO', 20, 3, 7, 3, 9),
  (162, 'ACTIVO', 20, 1, 8, 3, 10),
  (163, 'ACTIVO', 20, 1, 8, 3, 11),
  (164, 'ACTIVO', 20, 1, 8, 3, 14),
  (165, 'ACTIVO', 20, 2, 9, 3, 11),
  (166, 'ACTIVO', 20, 1, 9, 3, 12),
  (167, 'ACTIVO', 20, 1, 9, 3, 13),
  (168, 'ACTIVO', 20, 2, 10, 3, 13),
  (169, 'ACTIVO', 20, 2, 10, 3, 14),
  (170, 'ACTIVO', 20, 1, 10, 3, 15),
  (171, 'ACTIVO', 20, 3, 11, 3, 13),
  (172, 'ACTIVO', 20, 3, 11, 3, 14),
  (173, 'ACTIVO', 20, 2, 11, 3, 15),
  (174, 'ACTIVO', 20, 4, 12, 3, 14),
  (175, 'ACTIVO', 20, 3, 12, 3, 15),
  (176, 'ACTIVO', 20, 1, 13, 3, 17),
  (177, 'ACTIVO', 20, 1, 13, 3, 18),
  (178, 'ACTIVO', 20, 2, 14, 3, 17),
  (179, 'ACTIVO', 20, 2, 14, 3, 18),
  (180, 'ACTIVO', 20, 3, 15, 3, 17),
  (181, 'ACTIVO', 20, 3, 15, 3, 18),
  (182, 'ACTIVO', 20, 4, 16, 3, 17),
  (183, 'ACTIVO', 20, 4, 16, 3, 18),
  (184, 'ACTIVO', 20, 5, 17, 3, 17),
  (185, 'ACTIVO', 20, 5, 17, 3, 18),
  (186, 'ACTIVO', 20, 1, 18, 3, 19),
  (187, 'ACTIVO', 20, 1, 18, 3, 20),
  (188, 'ACTIVO', 20, 2, 19, 3, 19),
  (189, 'ACTIVO', 20, 2, 19, 3, 20),
  (190, 'ACTIVO', 20, 3, 20, 3, 19),
  (191, 'ACTIVO', 20, 3, 20, 3, 20),
  (192, 'ACTIVO', 20, 1, 21, 3, 21),
  (193, 'ACTIVO', 20, 1, 21, 3, 22),
  (194, 'ACTIVO', 20, 2, 22, 3, 21),
  (195, 'ACTIVO', 20, 2, 22, 3, 22),
  (196, 'ACTIVO', 20, 1, 23, 3, 23),
  (197, 'ACTIVO', 20, 1, 23, 3, 24),
  (198, 'ACTIVO', 20, 2, 24, 3, 23),
  (199, 'ACTIVO', 20, 2, 24, 3, 24),
  (200, 'ACTIVO', 20, 3, 25, 3, 23),
  (201, 'ACTIVO', 20, 3, 25, 3, 24),
  (202, 'ACTIVO', 20, 4, 26, 3, 23),
  (203, 'ACTIVO', 20, 4, 26, 3, 24),
  (204, 'ACTIVO', 20, 1, 27, 3, 25),
  (205, 'ACTIVO', 20, 1, 27, 3, 26),
  (206, 'ACTIVO', 20, 2, 28, 3, 25),
  (207, 'ACTIVO', 20, 2, 28, 3, 26),
  (208, 'ACTIVO', 20, 3, 29, 3, 25),
  (209, 'ACTIVO', 20, 3, 29, 3, 26),
  (210, 'ACTIVO', 20, 1, 30, 3, 27),
  (211, 'ACTIVO', 20, 2, 31, 3, 27),
  (212, 'ACTIVO', 20, 1, 32, 3, 28),
  (213, 'ACTIVO', 20, 2, 33, 3, 28),
  (214, 'ACTIVO', 6, 1, 1, 4, 1),
  (215, 'ACTIVO', 2, 1, 1, 4, 2),
  (216, 'ACTIVO', 20, 2, 2, 4, 2),
  (217, 'ACTIVO', 20, 1, 2, 4, 3),
  (218, 'ACTIVO', 20, 1, 2, 4, 4),
  (219, 'ACTIVO', 20, 2, 3, 4, 4),
  (220, 'ACTIVO', 20, 1, 3, 4, 5),
  (221, 'ACTIVO', 20, 1, 3, 4, 6),
  (222, 'ACTIVO', 20, 2, 4, 4, 5),
  (223, 'ACTIVO', 20, 2, 4, 4, 6),
  (224, 'ACTIVO', 20, 1, 4, 4, 7),
  (225, 'ACTIVO', 20, 2, 5, 4, 7),
  (226, 'ACTIVO', 20, 1, 5, 4, 8),
  (227, 'ACTIVO', 20, 1, 5, 4, 9),
  (228, 'ACTIVO', 20, 3, 6, 4, 7),
  (229, 'ACTIVO', 20, 2, 6, 4, 8),
  (230, 'ACTIVO', 20, 2, 6, 4, 9),
  (231, 'ACTIVO', 20, 3, 7, 4, 8),
  (232, 'ACTIVO', 20, 3, 7, 4, 9),
  (233, 'ACTIVO', 20, 1, 8, 4, 10),
  (234, 'ACTIVO', 20, 1, 8, 4, 11),
  (235, 'ACTIVO', 20, 1, 8, 4, 14),
  (236, 'ACTIVO', 20, 2, 9, 4, 11),
  (237, 'ACTIVO', 20, 1, 9, 4, 12),
  (238, 'ACTIVO', 20, 1, 9, 4, 13),
  (239, 'ACTIVO', 20, 2, 10, 4, 13),
  (240, 'ACTIVO', 20, 2, 10, 4, 14),
  (241, 'ACTIVO', 20, 1, 10, 4, 15),
  (242, 'ACTIVO', 20, 3, 11, 4, 13),
  (243, 'ACTIVO', 20, 3, 11, 4, 14),
  (244, 'ACTIVO', 20, 2, 11, 4, 15),
  (245, 'ACTIVO', 20, 4, 12, 4, 14),
  (246, 'ACTIVO', 20, 3, 12, 4, 15),
  (247, 'ACTIVO', 20, 1, 13, 4, 17),
  (248, 'ACTIVO', 20, 1, 13, 4, 18),
  (249, 'ACTIVO', 20, 2, 14, 4, 17),
  (250, 'ACTIVO', 20, 2, 14, 4, 18),
  (251, 'ACTIVO', 20, 3, 15, 4, 17),
  (252, 'ACTIVO', 20, 3, 15, 4, 18),
  (253, 'ACTIVO', 20, 4, 16, 4, 17),
  (254, 'ACTIVO', 20, 4, 16, 4, 18),
  (255, 'ACTIVO', 20, 5, 17, 4, 17),
  (256, 'ACTIVO', 20, 5, 17, 4, 18),
  (257, 'ACTIVO', 20, 1, 18, 4, 19),
  (258, 'ACTIVO', 20, 1, 18, 4, 20),
  (259, 'ACTIVO', 20, 2, 19, 4, 19),
  (260, 'ACTIVO', 20, 2, 19, 4, 20),
  (261, 'ACTIVO', 20, 3, 20, 4, 19),
  (262, 'ACTIVO', 20, 3, 20, 4, 20),
  (263, 'ACTIVO', 20, 1, 21, 4, 21),
  (264, 'ACTIVO', 20, 1, 21, 4, 22),
  (265, 'ACTIVO', 20, 2, 22, 4, 21),
  (266, 'ACTIVO', 20, 2, 22, 4, 22),
  (267, 'ACTIVO', 20, 1, 23, 4, 23),
  (268, 'ACTIVO', 20, 1, 23, 4, 24),
  (269, 'ACTIVO', 20, 2, 24, 4, 23),
  (270, 'ACTIVO', 20, 2, 24, 4, 24),
  (271, 'ACTIVO', 20, 3, 25, 4, 23),
  (272, 'ACTIVO', 20, 3, 25, 4, 24),
  (273, 'ACTIVO', 20, 4, 26, 4, 23),
  (274, 'ACTIVO', 20, 4, 26, 4, 24),
  (275, 'ACTIVO', 20, 1, 27, 4, 25),
  (276, 'ACTIVO', 20, 1, 27, 4, 26),
  (277, 'ACTIVO', 20, 2, 28, 4, 25),
  (278, 'ACTIVO', 20, 2, 28, 4, 26),
  (279, 'ACTIVO', 20, 3, 29, 4, 25),
  (280, 'ACTIVO', 20, 3, 29, 4, 26),
  (281, 'ACTIVO', 20, 1, 30, 4, 27),
  (282, 'ACTIVO', 20, 2, 31, 4, 27),
  (283, 'ACTIVO', 20, 1, 32, 4, 28),
  (284, 'ACTIVO', 20, 2, 33, 4, 28);



INSERT INTO `horario_cursada` (`id`, `dia`, `sede`, `aula`, `hora_inicio`, `hora_fin`, `curso_id`)
VALUES
  (1, 'LUNES', 'PC', '203', '19:00', '23:00', 1),
  (2, 'MIERCOLES', 'PC', '102', '19:00', '23:00', 1),
  (3, 'VIERNES', 'LH', '201', '15:00', '18:00', 2);

INSERT INTO `coloquio` (`id`, `aula`, `hora_inicio`, `hora_fin`, `sede`, `fecha`, `curso_id`, `periodo_id`, `estado`)
VALUES
  (1, '201', '19:00', '22:00', 'PC', '2018-12-23', 1, 3, 'ACTIVO'),
  (2, 'E9', '9:00', '12:00', 'PC', '2018-12-18', 2, 3, 'ACTIVO');

INSERT INTO `prioridad` (`fecha_habilitacion`, `periodo_id`)
VALUES
  ("2018-07-23 09:00:00",1),
  ("2018-07-23 09:30:00",1),
  ("2018-07-23 10:00:00",1),
  ("2018-07-23 10:30:00",1),
  ("2018-07-23 11:00:00",1),
  ("2018-07-23 11:30:00",1),
  ("2018-07-23 12:00:00",1),
  ("2018-07-23 12:30:00",1),
  ("2018-07-23 13:00:00",1),
  ("2018-07-23 13:30:00",1),
  ("2018-07-23 14:00:00",1),
  ("2018-07-23 14:30:00",1),
  ("2018-07-23 15:00:00",1),
  ("2018-07-23 15:30:00",1),
  ("2018-07-23 16:00:00",1),
  ("2018-07-23 16:30:00",1),
  ("2018-07-23 17:00:00",1),
  ("2018-07-23 17:30:00",1),
  ("2018-07-23 18:00:00",1),
  ("2018-07-24 09:00:00",1),
  ("2018-07-24 09:30:00",1),
  ("2018-07-24 10:00:00",1),
  ("2018-07-24 10:30:00",1),
  ("2018-07-24 11:00:00",1),
  ("2018-07-24 11:30:00",1),
  ("2018-07-24 12:00:00",1),
  ("2018-07-24 12:30:00",1),
  ("2018-07-24 13:00:00",1),
  ("2018-07-24 13:30:00",1),
  ("2018-07-24 14:00:00",1),
  ("2018-07-24 14:30:00",1),
  ("2018-07-24 15:00:00",1),
  ("2018-07-24 15:30:00",1),
  ("2018-07-24 16:00:00",1),
  ("2018-07-24 16:30:00",1),
  ("2018-07-24 17:00:00",1),
  ("2018-07-24 17:30:00",1),
  ("2018-07-24 18:00:00",1),
  ("2018-07-25 09:00:00",1),
  ("2018-07-25 09:30:00",1),
  ("2018-07-25 10:00:00",1),
  ("2018-07-25 10:30:00",1),
  ("2018-07-25 11:00:00",1),
  ("2018-07-25 11:30:00",1),
  ("2018-07-25 12:00:00",1),
  ("2018-07-25 12:30:00",1),
  ("2018-07-25 13:00:00",1),
  ("2018-07-25 13:30:00",1),
  ("2018-07-25 14:00:00",1),
  ("2018-07-25 14:30:00",1),
  ("2018-07-25 15:00:00",1),
  ("2018-07-25 15:30:00",1),
  ("2018-07-25 16:00:00",1),
  ("2018-07-25 16:30:00",1),
  ("2018-07-25 17:00:00",1),
  ("2018-07-25 17:30:00",1),
  ("2018-07-25 18:00:00",1),
  ("2018-07-26 09:00:00",1),
  ("2018-07-26 09:30:00",1),
  ("2018-07-26 10:00:00",1),
  ("2018-07-26 10:30:00",1),
  ("2018-07-26 11:00:00",1),
  ("2018-07-26 11:30:00",1),
  ("2018-07-26 12:00:00",1),
  ("2018-07-26 12:30:00",1),
  ("2018-07-26 13:00:00",1),
  ("2018-07-26 13:30:00",1),
  ("2018-07-26 14:00:00",1),
  ("2018-07-26 14:30:00",1),
  ("2018-07-26 15:00:00",1),
  ("2018-07-26 15:30:00",1),
  ("2018-07-26 16:00:00",1),
  ("2018-07-26 16:30:00",1),
  ("2018-07-26 17:00:00",1),
  ("2018-07-26 17:30:00",1),
  ("2018-07-26 18:00:00",1),
  ("2018-07-27 09:00:00",1),
  ("2018-07-27 09:30:00",1),
  ("2018-07-27 10:00:00",1),
  ("2018-07-27 10:30:00",1),
  ("2018-07-27 11:00:00",1),
  ("2018-07-27 11:30:00",1),
  ("2018-07-27 12:00:00",1),
  ("2018-07-27 12:30:00",1),
  ("2018-07-27 13:00:00",1),
  ("2018-07-27 13:30:00",1),
  ("2018-07-27 14:00:00",1),
  ("2018-07-27 14:30:00",1),
  ("2018-07-27 15:00:00",1),
  ("2018-07-27 15:30:00",1),
  ("2018-07-27 16:00:00",1),
  ("2018-07-27 16:30:00",1),
  ("2018-07-27 17:00:00",1),
  ("2018-07-27 17:30:00",1),
  ("2018-07-27 18:00:00",1);

INSERT INTO `periodo_administrativo` (`id`, `fecha_inicio`, `fecha_fin`, `actividad`, `descripcion`)
VALUES
  (1, '2018-07-01', '2018-12-31', 'INSCRIPCION_CURSADA', 'Inscripción cursada segundo cuat. 2018'),
  (2, '2018-07-01', '2018-12-31', 'CONSULTAR_PRIORIDAD', 'Consultar prioridad segundo cuat. 2018'),
  (3, '2018-07-01', '2018-12-31', 'INSCRIPCION_COLOQUIO', 'Inscripciones a coloquio segundo cuat. 2018');

INSERT INTO `administrador_departamento` (`id`, `user_id`, `departamento_id`)
VALUES
  (1, 16, 2);

INSERT INTO `inscripcion_curso` (`id`, `estado`, `cursada_estado`, `alumno_id`, `curso_id`)
VALUES
  (1, 'REGULAR', 'ACTIVA', 1, 2),
  (2, 'REGULAR', 'ACTIVA', 1, 34),
  (3, 'REGULAR', 'ACTIVA', 1, 54),
  (4, 'REGULAR', 'ACTIVA', 1, 7),
  (5, 'REGULAR', 'ACTIVA', 2, 2),
  (6, 'REGULAR', 'ACTIVA', 2, 34),
  (7, 'REGULAR', 'ACTIVA', 2, 54),
  (8, 'REGULAR', 'ACTIVA', 2, 8),
  (9, 'REGULAR', 'ACTIVA', 3, 2),
  (10, 'REGULAR', 'ACTIVA', 3, 34),
  (11, 'REGULAR', 'ACTIVA', 3, 54),
  (12, 'REGULAR', 'ACTIVA', 3, 7),
  (13, 'REGULAR', 'ACTIVA', 5, 3),
  (14, 'REGULAR', 'ACTIVA', 5, 35),
  (15, 'REGULAR', 'ACTIVA', 5, 55),
  (16, 'REGULAR', 'ACTIVA', 6, 4),
  (17, 'REGULAR', 'ACTIVA', 6, 35),
  (18, 'REGULAR', 'ACTIVA', 6, 55),
  (19, 'REGULAR', 'ACTIVA', 7, 4),
  (20, 'REGULAR', 'ACTIVA', 7, 5),
  (21, 'REGULAR', 'ACTIVA', 7, 38),
  (22, 'REGULAR', 'ACTIVA', 7, 59),
  (23, 'REGULAR', 'ACTIVA', 8, 4),
  (24, 'REGULAR', 'ACTIVA', 8, 59),
  (25, 'REGULAR', 'ACTIVA', 9, 4),
  (26, 'REGULAR', 'ACTIVA', 9, 47),
  (27, 'REGULAR', 'ACTIVA', 9, 50),
  (28, 'REGULAR', 'ACTIVA', 10, 4),
  (29, 'REGULAR', 'ACTIVA', 10, 48),
  (30, 'REGULAR', 'ACTIVA', 10, 57),
  (31, 'REGULAR', 'ACTIVA', 11, 4),
  (32, 'REGULAR', 'ACTIVA', 11, 49),
  (33, 'REGULAR', 'ACTIVA', 11, 57),
  (34, 'REGULAR', 'ACTIVA', 12, 4),
  (35, 'REGULAR', 'ACTIVA', 12, 46),
  (36, 'REGULAR', 'ACTIVA', 12, 56),
  (37, 'REGULAR', 'ACTIVA', 13, 11),
  (38, 'REGULAR', 'ACTIVA', 13, 48),
  (39, 'REGULAR', 'ACTIVA', 13, 52),
  (40, 'REGULAR', 'ACTIVA', 14, 12),
  (41, 'REGULAR', 'ACTIVA', 14, 16),
  (42, 'REGULAR', 'ACTIVA', 14, 48),
  (43, 'REGULAR', 'ACTIVA', 15, 15),
  (44, 'REGULAR', 'ACTIVA', 15, 39),
  (45, 'REGULAR', 'ACTIVA', 15, 70),
  (46, 'REGULAR', 'ACTIVA', 4, 3),
  (47, 'REGULAR', 'ACTIVA', 4, 35),
  (48, 'REGULAR', 'ACTIVA', 4, 44),
  (49, 'REGULAR', 'ACTIVA', 4, 55);


