INSERT INTO `jhi_authority` VALUE('ROLE_ALUMNO');
INSERT INTO `jhi_authority` VALUE('ROLE_PROFESOR');
INSERT INTO `jhi_authority` VALUE('ROLE_ADM_DPTO');

ALTER TABLE alumno ADD COLUMN user_id BIGINT(20);
ALTER TABLE profesor ADD COLUMN user_id BIGINT(20);

INSERT INTO `carrera` (`id`, `nombre`)
VALUES
  (1, 'Ingeniería Civil'),
  (2, 'Ingeniería de Alimentos'),
  (3, 'Ingeniería Electricista'),
  (4, 'Ingeniería Electrónica'),
  (5, 'Ingeniería en Agrimensura'),
  (6, 'Ingeniería en Informática'),
  (7, 'Ingeniería en Petróleo'),
  (8, 'Ingeniería Industrial'),
  (9, 'Ingeniería Mecánica'),
  (10, 'Ingeniería Naval y Mecánica'),
  (11, 'Ingeniería Química'),
  (12, 'Licenciatura en Análisis de Sistemas');

INSERT INTO `departamento` (`id`, `nombre`, `codigo`)
VALUES
  (1, 'Agrimensura', 1),
  (2, 'Computación', 75),
  (3, 'Construcciones y Estructuras', 2),
  (4, 'Electrónica', 66),
  (5, 'Energía', 4),
  (6, 'Estabilidad', 6),
  (7, 'Física', 62),
  (8, 'Gestión', 71),
  (9, 'Hidráulica', 9),
  (10, 'Idiomas', 10),
  (11, 'Ingeniería Mecánica', 11),
  (12, 'Ingeniería Naval', 12),
  (13, 'Ingeniería Química', 13),
  (14, 'Matemática', 61),
  (15, 'Química', 63),
  (16, 'Seguridad del Trabajo y Ambiente', 16),
  (17, 'Tecnología Industrial', 17),
  (18, 'Transporte', 18);


INSERT INTO `jhi_user` (`id`, `login`, `password_hash`, `first_name`, `last_name`, `email`, `image_url`, `activated`, `lang_key`, `activation_key`, `reset_key`, `created_by`, `created_date`, `reset_date`, `last_modified_by`, `last_modified_date`)
VALUES
  (5, 'msosa@fiuba.com', '$2a$10$VEjxo0jq2YG9Rbk2HmX9S.k1uZBGYUHdUcid3g/vfiEl7lwWgOH/K', 'Mercedes', 'Sosa', 'msosa@fiuba.com', '', 1, 'en', NULL, NULL, 'system', '2018-11-23 22:46:25', NULL, 'system', NULL),
  (6, 'gcerati@fiuba.com', '$2a$10$VEjxo0jq2YG9Rbk2HmX9S.k1uZBGYUHdUcid3g/vfiEl7lwWgOH/K', 'Gustavo', 'Cerati', 'gcerati@fiuba.com', '', 1, 'en', NULL, NULL, 'system', '2018-11-23 22:46:25', NULL, 'system', NULL),
  (7, 'lspinetta@fiuba.com', '$2a$10$VEjxo0jq2YG9Rbk2HmX9S.k1uZBGYUHdUcid3g/vfiEl7lwWgOH/K', 'Luis Alberto', 'Spinetta', 'lspinetta@fiuba.com', '', 1, 'en', NULL, NULL, 'system', '2018-11-23 22:46:25', NULL, 'system', NULL),
  (8, 'fpaez@fiuba.com', '$2a$10$VEjxo0jq2YG9Rbk2HmX9S.k1uZBGYUHdUcid3g/vfiEl7lwWgOH/K', 'Fito', 'Paez', 'fpaez@fiuba.com', '', 1, 'en', NULL, NULL, 'system', '2018-11-23 22:46:25', NULL, 'system', NULL),
  (9, 'lgieco@fiuba.com', '$2a$10$VEjxo0jq2YG9Rbk2HmX9S.k1uZBGYUHdUcid3g/vfiEl7lwWgOH/K', 'Leon', 'Gieco', 'lgieco@fiuba.com', '', 1, 'en', NULL, NULL, 'system', '2018-11-23 22:46:25', NULL, 'system', NULL),
  (10, 'cgarcia@fiuba.com', '$2a$10$VEjxo0jq2YG9Rbk2HmX9S.k1uZBGYUHdUcid3g/vfiEl7lwWgOH/K', 'Charly', 'Garcia', 'cgarcia@fiuba.com', '', 1, 'en', NULL, NULL, 'system', '2018-11-23 22:46:25', NULL, 'system', NULL),
  (11, 'gcordera@fiuba.com', '$2a$10$VEjxo0jq2YG9Rbk2HmX9S.k1uZBGYUHdUcid3g/vfiEl7lwWgOH/K', 'Gustavo', 'Cordera', 'gcordera@fiuba.com', '', 1, 'en', NULL, NULL, 'system', '2018-11-23 22:46:25', NULL, 'system', NULL),
  (12, 'fcantilo@fiuba.com', '$2a$10$VEjxo0jq2YG9Rbk2HmX9S.k1uZBGYUHdUcid3g/vfiEl7lwWgOH/K', 'Faviana', 'Cantilo', 'fcantilo@fiuba.com', '', 1, 'en', NULL, NULL, 'system', '2018-11-23 22:46:25', NULL, 'system', NULL),
  (13, 'hlizarazu@fiuba.com', '$2a$10$VEjxo0jq2YG9Rbk2HmX9S.k1uZBGYUHdUcid3g/vfiEl7lwWgOH/K', 'Hilda', 'Lizarazu', 'hlizarazu@fiuba.com', '', 1, 'en', NULL, NULL, 'system', '2018-11-23 22:46:25', NULL, 'system', NULL),
  (14, 'epresley@fiuba.com', '$2a$10$VEjxo0jq2YG9Rbk2HmX9S.k1uZBGYUHdUcid3g/vfiEl7lwWgOH/K', 'Elvis', 'Presley', 'epresley@fiuba.com', '', 1, 'en', NULL, NULL, 'system', '2018-11-23 22:46:25', NULL, 'system', NULL),
  (15, 'admin@fiuba.com', '$2a$10$gSAhZrxMllrbgj/kkK9UceBPpChGWJA7SYIb1Mqo.n5aNLq1/oRrC', 'Juan', 'Admin', 'admin@fiuba.com', '', 1, 'en', NULL, NULL, 'system', '2018-11-23 22:46:25', NULL, 'system', NULL),
  (16, 'computacion@fiuba.com', '$2a$10$gSAhZrxMllrbgj/kkK9UceBPpChGWJA7SYIb1Mqo.n5aNLq1/oRrC', 'Computación', 'Departamento', 'computacion@fiuba.com', '', 1, 'en', NULL, NULL, 'system', '2018-11-23 22:46:25', NULL, 'system', NULL),
  (17, 'danielkux@gmail.com', '$2a$10$x.teA2IpSfKxoQct4vQaQOQTrWx9REAnwa.I5XN6qXH6WwBiVTVui', 'Daniel', 'Kux', 'danielkux@gmail.com', NULL, 1, NULL, '22380221816914982353', NULL, 'admin@fiuba.com', '2018-11-23 19:47:49', NULL, 'admin@fiuba.com', '2018-11-23 19:47:49'),
  (18, 'vheredsdsddia@fiuba.com', '$2a$10$nUkTx8elRf9CltTqjkOYuONvGQ39nSO0fifSpniGML7h/wTa0Jbt2', 'Victor', 'Heredia', 'vheredsdsddia@fiuba.com', NULL, 1, NULL, '21592732674809459454', NULL, 'admin@fiuba.com', '2018-11-23 19:47:49', NULL, 'admin@fiuba.com', '2018-11-23 19:47:49'),
  (19, 'aroma@fiuba.com', '$2a$10$5G6lPyNDbTsFcZbScNtTJORtYihMnqWk2bJe0OgNnksMqnK1tJpKq', 'Antonio', 'Roma', 'aroma@fiuba.com', NULL, 1, NULL, '23578496386153179080', NULL, 'admin@fiuba.com', '2018-11-23 19:50:35', NULL, 'admin@fiuba.com', '2018-11-23 19:50:35'),
  (20, 'rirusta@fiuba.com', '$2a$10$rx0k4dT53420ooS/gP.G2eRkJkHGYI0Minhg0vPTKC489X/2LD952', 'Rolando', 'Irusta', 'rirusta@fiuba.com', NULL, 1, NULL, '52746907091756273901', NULL, 'admin@fiuba.com', '2018-11-23 19:50:35', NULL, 'admin@fiuba.com', '2018-11-23 19:50:35'),
  (21, 'hgatti@fiuba.com', '$2a$10$d5pUd9v43e6pSgYphO6.fuHFVnthHhuIovXFn.74qgq84j5xn5rty', 'Hugo', 'Gatti', 'hgatti@fiuba.com', NULL, 1, NULL, '79771655736086672772', NULL, 'admin@fiuba.com', '2018-11-23 19:50:35', NULL, 'admin@fiuba.com', '2018-11-23 19:50:35'),
  (22, 'rperfumo@fiuba.com', '$2a$10$JLXvqJaosMR6Xal751ouCuN.uS.eb2Qr1yzhMuHLl5adK5PSSBGIa', 'Roberto', 'Perfumo', 'rperfumo@fiuba.com', NULL, 1, NULL, '99921054120019358864', NULL, 'admin@fiuba.com', '2018-11-23 19:50:36', NULL, 'admin@fiuba.com', '2018-11-23 19:50:36'),
  (23, 'jvaracka@fiuba.com', '$2a$10$Cqa8HAr9WAJGCxK3RZ79yOw5dMTpW7pExhS.mj6YzCuMT30fZpspK', 'José', 'Varacka', 'jvaracka@fiuba.com', NULL, 1, NULL, '17493216973027628785', NULL, 'admin@fiuba.com', '2018-11-23 19:50:36', NULL, 'admin@fiuba.com', '2018-11-23 19:50:36'),
  (24, 'ocalics@fiuba.com', '$2a$10$ZFWXwz2GCy/2eztmYQHYBeIKCiLkb2.2QTLalwkH/TtxQcH2zFzh6', 'Oscar', 'Calics', 'ocalics@fiuba.com', NULL, 1, NULL, '10928783314339605975', NULL, 'admin@fiuba.com', '2018-11-23 19:50:36', NULL, 'admin@fiuba.com', '2018-11-23 19:50:36'),
  (25, 'smarzolini@fiuba.com', '$2a$10$YqeAPff6/NNSn3sNmphKrurSn/9etLSvhz5ryxuEAh2cj4kRWA6x6', 'Silvio', 'Marzolini', 'smarzolini@fiuba.com', NULL, 1, NULL, '41227008915543621796', NULL, 'admin@fiuba.com', '2018-11-23 19:50:36', NULL, 'admin@fiuba.com', '2018-11-23 19:50:36'),
  (26, 'rferreiro@fiuba.com', '$2a$10$dRZxT7tlW56OP8F7eNAFPuOkjM8Ad1U8TGJKzp2rojFX2fuFxy3Ui', 'Roberto', 'Ferreiro', 'rferreiro@fiuba.com', NULL, 1, NULL, '02810679180094280723', NULL, 'admin@fiuba.com', '2018-11-23 19:50:36', NULL, 'admin@fiuba.com', '2018-11-23 19:50:36'),
  (27, 'csimeone@fiuba.com', '$2a$10$q/ykiaiGmwqsUbZ3EOqg7eQTHDGd573kzObWa/sN61ZVojHNn8XCW', 'Carmelo', 'Simeone', 'csimeone@fiuba.com', NULL, 1, NULL, '85782172111131222695', NULL, 'admin@fiuba.com', '2018-11-23 19:50:36', NULL, 'admin@fiuba.com', '2018-11-23 19:50:36'),
  (28, 'arattin@fiuba.com', '$2a$10$hNhi2dh/UuuKSYaUqx423u95QErRzP4LpS4M5c/n6nYdz6GLg9MJ.', 'Antonio', 'Rattín', 'arattin@fiuba.com', NULL, 1, NULL, '79677722614035756375', NULL, 'admin@fiuba.com', '2018-11-23 19:50:36', NULL, 'admin@fiuba.com', '2018-11-23 19:50:36'),
  (29, 'jpastoriza@fiuba.com', '$2a$10$DUdLfOuDl71T.lQK1M/Bv.THEVzXN5C5D7NXgdez5k/U.Uk7q3OFC', 'José Omar', 'Pastoriza', 'jpastoriza@fiuba.com', NULL, 1, NULL, '98945971024182348100', NULL, 'admin@fiuba.com', '2018-11-23 19:50:37', NULL, 'admin@fiuba.com', '2018-11-23 19:50:37'),
  (30, 'ralbrecht@fiuba.com', '$2a$10$TeaxUMCJEqOFhRM4DleoOOL8M6Mk9Gsv99xsYgpzqsR3FCpoIF.Cq', 'Rafael', 'Albrecht', 'ralbrecht@fiuba.com', NULL, 1, NULL, '78991243188375947657', NULL, 'admin@fiuba.com', '2018-11-23 19:50:37', NULL, 'admin@fiuba.com', '2018-11-23 19:50:37'),
  (31, 'nlopez@fiuba.com', '$2a$10$M0eOfilUx.B6640DSUA8S.H0t48FWPWTdo2LNQUCLSZbhr07zblZO', 'Nelson', 'López', 'nlopez@fiuba.com', NULL, 1, NULL, '94351417067170564468', NULL, 'admin@fiuba.com', '2018-11-23 19:50:37', NULL, 'admin@fiuba.com', '2018-11-23 19:50:37'),
  (32, 'mchaldu@fiuba.com', '$2a$10$WHzKcn9tUv/3ynfrPiF5UuhhGywOr79DLSoUFYBLMrHP1L.EK0WXS', 'Mario', 'Chaldú', 'mchaldu@fiuba.com', NULL, 1, NULL, '70458542602847374396', NULL, 'admin@fiuba.com', '2018-11-23 19:50:37', NULL, 'admin@fiuba.com', '2018-11-23 19:50:37'),
  (33, 'jsolari@fiuba.com', '$2a$10$/y58tgx07pd66O/aNNrHK.z/I3ktZ/xTAqNADouDV5Lhd9GaVtSDe', 'Jorge', 'Solari', 'jsolari@fiuba.com', NULL, 1, NULL, '32325729066258170065', NULL, 'admin@fiuba.com', '2018-11-23 19:50:37', NULL, 'admin@fiuba.com', '2018-11-23 19:50:37'),
  (34, 'agonzalez@fiuba.com', '$2a$10$c6rWUSR6bLymIUSgsFc5h.VQw9HJ.SrWxmy1ktrCg3CG4lJvwerFy', 'Alberto', 'González', 'agonzalez@fiuba.com', NULL, 1, NULL, '88233253566436115919', NULL, 'admin@fiuba.com', '2018-11-23 19:50:37', NULL, 'admin@fiuba.com', '2018-11-23 19:50:37'),
  (35, 'jsarnari@fiuba.com', '$2a$10$xrzcmNeRBDTD3RhhrqdTc.dyE7LObtVVGiSs7yD1W5pfarxA2G8wK', 'Juan Carlos', 'Sarnari', 'jsarnari@fiuba.com', NULL, 1, NULL, '50547402256317332367', NULL, 'admin@fiuba.com', '2018-11-23 19:50:37', NULL, 'admin@fiuba.com', '2018-11-23 19:50:37'),
  (36, 'arojas@fiuba.com', '$2a$10$IjLw2uElyeTjNV1wVFsM7OexDHXXFr1Dd1Di.MarbT7CkqkrfafFK', 'Alfredo', 'Rojas', 'arojas@fiuba.com', NULL, 1, NULL, '86756030019166810450', NULL, 'admin@fiuba.com', '2018-11-23 19:50:38', NULL, 'admin@fiuba.com', '2018-11-23 19:50:38'),
  (37, 'lartime@fiuba.com', '$2a$10$yeKFiAclwez7/u13xQhnCeld.WDj5aWXACZVolZc9jrbNfir4GLPi', 'Luis', 'Artime', 'lartime@fiuba.com', NULL, 1, NULL, '79376176893269848860', NULL, 'admin@fiuba.com', '2018-11-23 19:50:38', NULL, 'admin@fiuba.com', '2018-11-23 19:50:38'),
  (38, 'eonega@fiuba.com', '$2a$10$iOVFmf4OyLXTUrgNfG6f8eOkb0rXPZKighOAJhRbSpuR5yBRMIcyC', 'Ermindo', 'Onega', 'eonega@fiuba.com', NULL, 1, NULL, '10384834236107275200', NULL, 'admin@fiuba.com', '2018-11-23 19:50:38', NULL, 'admin@fiuba.com', '2018-11-23 19:50:38'),
  (39, 'omas@fiuba.com', '$2a$10$TeFCPEc38EM9ps1eEDw5OerRfIqKzGuY10ZKF9DLT0Mb90tlM1WAu', 'Oscar', 'Más', 'omas@fiuba.com', NULL, 1, NULL, '35783559737640311144', NULL, 'admin@fiuba.com', '2018-11-23 19:50:38', NULL, 'admin@fiuba.com', '2018-11-23 19:50:38'),
  (40, 'atarabini@fiuba.com', '$2a$10$EoCqj1AgbihFNMQrlJaB3.GZGSQy7gsNTmFCX5EUk8tLunKPHZEa.', 'Aníbal', 'Tarabini', 'atarabini@fiuba.com', NULL, 1, NULL, '82794625103224614806', NULL, 'admin@fiuba.com', '2018-11-23 19:50:38', NULL, 'admin@fiuba.com', '2018-11-23 19:50:38'),
  (41, 'dcarnevali@fiuba.com', '$2a$10$Y3E01pc1t8gpYO/qtAveLee7iBWTHocvFCv8D/vI03YwUcRlJ53q.', 'Daniel', 'Carnevali', 'dcarnevali@fiuba.com', NULL, 1, NULL, '81623466982208915418', NULL, 'admin@fiuba.com', '2018-11-23 19:50:38', NULL, 'admin@fiuba.com', '2018-11-23 19:50:38'),
  (42, 'rayala@fiuba.com', '$2a$10$Dk48YfNNE/ejvSV4.PwGfukbJkEv0Q/fRmWxhNifoeHj5LpSxERUi', 'Rubén', 'Ayala', 'rayala@fiuba.com', NULL, 1, NULL, '42761501945664457398', NULL, 'admin@fiuba.com', '2018-11-23 19:50:38', NULL, 'admin@fiuba.com', '2018-11-23 19:50:38'),
  (43, 'cbabington@fiuba.com', '$2a$10$aRrLBcIedVbzNTRBwqcYBubPJac4BSTtyB61dB.22UvXWEfxn2s76', 'Carlos', 'Babington', 'cbabington@fiuba.com', NULL, 1, NULL, '64774310287522004245', NULL, 'admin@fiuba.com', '2018-11-23 19:50:38', NULL, 'admin@fiuba.com', '2018-11-23 19:50:38'),
  (44, 'abalbuena@fiuba.com', '$2a$10$3.crC42MtSI3EQgQU/6TouKdzVqT1/388S5kAsGKNh5XoMj8saE2.', 'Agustín', 'Balbuena', 'abalbuena@fiuba.com', NULL, 1, NULL, '05138952796660499381', NULL, 'admin@fiuba.com', '2018-11-23 19:50:38', NULL, 'admin@fiuba.com', '2018-11-23 19:50:38'),
  (45, 'abargas@fiuba.com', '$2a$10$dUVvd6XP0MRhSGXdbkOVheEeabD8i46l3M5V/Y1d1FR7SzIUf4IsW', 'Ángel', 'Bargas', 'abargas@fiuba.com', NULL, 1, NULL, '79606096892947047879', NULL, 'admin@fiuba.com', '2018-11-23 19:50:39', NULL, 'admin@fiuba.com', '2018-11-23 19:50:39'),
  (46, 'mbrindisi@fiuba.com', '$2a$10$Dg643XfQDVYWe8qPOrltg.hux2lX0bTYwcG9y45HuhFZte619t7RG', 'Miguel', 'Brindisi', 'mbrindisi@fiuba.com', NULL, 1, NULL, '86878806493103996547', NULL, 'admin@fiuba.com', '2018-11-23 19:50:39', NULL, 'admin@fiuba.com', '2018-11-23 19:50:39'),
  (47, 'jcarrascosa@fiuba.com', '$2a$10$QknVkDOx.hYUiCTV7CAXuusvIeCjH8JjScDMaigvm/Sbo.k87wb/m', 'Jorge', 'Carrascosa', 'jcarrascosa@fiuba.com', NULL, 1, NULL, '61680888403248764573', NULL, 'admin@fiuba.com', '2018-11-23 19:50:39', NULL, 'admin@fiuba.com', '2018-11-23 19:50:39'),
  (48, 'echazarreta@fiuba.com', '$2a$10$OV4NhKzeDIR745ynb0tt.ez5Ae5BEemG8EmymQfUcy58za8XJrZku', 'Enrique', 'Chazarreta', 'echazarreta@fiuba.com', NULL, 1, NULL, '08124548774373701858', NULL, 'admin@fiuba.com', '2018-11-23 19:50:39', NULL, 'admin@fiuba.com', '2018-11-23 19:50:39'),
  (49, 'rglaria@fiuba.com', '$2a$10$U6Auk4Y41ZwH1mjWmZmKyORSY5kwTQg0Eoa2gHMcOPJ8rtX0XaPk.', 'Rubén Oscar', 'Glaria', 'rglaria@fiuba.com', NULL, 1, NULL, '48756295545146095251', NULL, 'admin@fiuba.com', '2018-11-23 19:50:39', NULL, 'admin@fiuba.com', '2018-11-23 19:50:39'),
  (50, 'rheredia@fiuba.com', '$2a$10$d3.2mM1eiRmO6Gat0mpmIeLiciHBpb6HfIkiNmJ3iFaaEj6dcWp7K', 'Ramón', 'Heredia', 'rheredia@fiuba.com', NULL, 1, NULL, '99242302249646536175', NULL, 'admin@fiuba.com', '2018-11-23 19:50:39', NULL, 'admin@fiuba.com', '2018-11-23 19:50:39'),
  (51, 'rhouseman@fiuba.com', '$2a$10$v5b0fzBCDnSF1qnBc/w3UeZ.mg3dB9346XZ6EVIRq1vNxLwoXDwL6', 'René', 'Houseman', 'rhouseman@fiuba.com', NULL, 1, NULL, '06042220334877154937', NULL, 'admin@fiuba.com', '2018-11-23 19:50:39', NULL, 'admin@fiuba.com', '2018-11-23 19:50:39'),
  (52, 'ufillol@fiuba.com', '$2a$10$B3voda3v7pyrQfIs7QmfEOjjyMtrkiCJ1z.FYRkNCK8Rr03FEXOMK', 'Ubaldo', 'Fillol', 'ufillol@fiuba.com', NULL, 1, NULL, '11846363442322915012', NULL, 'admin@fiuba.com', '2018-11-23 19:50:39', NULL, 'admin@fiuba.com', '2018-11-23 19:50:39'),
  (53, 'mkempes@fiuba.com', '$2a$10$918h9lK0xgukiRSl.SuaXuHjygoNeY8rR05n1vaM4kXZx5NLK./0a', 'Mario', 'Kempes', 'mkempes@fiuba.com', NULL, 1, NULL, '14625072535995902661', NULL, 'admin@fiuba.com', '2018-11-23 19:50:40', NULL, 'admin@fiuba.com', '2018-11-23 19:50:40'),
  (54, 'apoy@fiuba.com', '$2a$10$mUJOpw0imSOeYRjtDGpVW.jQ2bLQEGoMAAi6q7wNfl1HkC0vVVwtS', 'Aldo', 'Poy', 'apoy@fiuba.com', NULL, 1, NULL, '37026186413790013300', NULL, 'admin@fiuba.com', '2018-11-23 19:50:40', NULL, 'admin@fiuba.com', '2018-11-23 19:50:40'),
  (55, 'fsa@fiuba.com', '$2a$10$bE0QaEmqm7pgOPrPKpL4H.z3jxR9bEZL0emQPI9xw8v0gOYPS.SvO', 'Francisco', 'Sa', 'fsa@fiuba.com', NULL, 1, NULL, '41081253787199219008', NULL, 'admin@fiuba.com', '2018-11-23 19:50:40', NULL, 'admin@fiuba.com', '2018-11-23 19:50:40'),
  (56, 'csqueo@fiuba.com', '$2a$10$R6awmrdckkTSHkjTOEipLO/yNm9AbD494AnKlYoQ1skEIeuv4Th.W', 'Carlos', 'Squeo', 'csqueo@fiuba.com', NULL, 1, NULL, '01529362672821883624', NULL, 'admin@fiuba.com', '2018-11-23 19:50:40', NULL, 'admin@fiuba.com', '2018-11-23 19:50:40'),
  (57, 'rtelch@fiuba.com', '$2a$10$8uVwZBarE8Rnm4ZKBJVQNuDqhRCLhfppTnF1iWtklgUKcryGfvULa', 'Roberto', 'Telch', 'rtelch@fiuba.com', NULL, 1, NULL, '24329227353799948433', NULL, 'admin@fiuba.com', '2018-11-23 19:50:40', NULL, 'admin@fiuba.com', '2018-11-23 19:50:40'),
  (58, 'ntogneri@fiuba.com', '$2a$10$VltA7a5o0EjSuc96323yY.Mnh2kUOtcfrE.oKzVnNjv0RUWMuulF2', 'Néstor', 'Togneri', 'ntogneri@fiuba.com', NULL, 1, NULL, '62997074444923257735', NULL, 'admin@fiuba.com', '2018-11-23 19:50:40', NULL, 'admin@fiuba.com', '2018-11-23 19:50:40'),
  (59, 'ewolff@fiuba.com', '$2a$10$VmKXOtRuYeTIIwoBTQlETOGkruj0GqztdP55i1X1MzGaH4hS1e7Pe', 'Enrique', 'Wolff', 'ewolff@fiuba.com', NULL, 1, NULL, '43157177901267912825', NULL, 'admin@fiuba.com', '2018-11-23 19:50:40', NULL, 'admin@fiuba.com', '2018-11-23 19:50:40'),
  (60, 'msantoro@fiuba.com', '$2a$10$MZDZgFAPwvBSKe6ApkaNY.ooVhOSsHh7ToQo/PmbWvUZCe0eks92K', 'Miguel', 'Santoro', 'msantoro@fiuba.com', NULL, 1, NULL, '01863028417523732511', NULL, 'admin@fiuba.com', '2018-11-23 19:50:40', NULL, 'admin@fiuba.com', '2018-11-23 19:50:40'),
  (61, 'hyasalde@fiuba.com', '$2a$10$e0Ch3aB.c6Jg7E24vAb5Z.BFe2Ul7wTUiGNwnj/nnSkHOHuas1ZrW', 'Héctor', 'Yazalde', 'hyasalde@fiuba.com', NULL, 1, NULL, '50179243015852558121', NULL, 'admin@fiuba.com', '2018-11-23 19:50:41', NULL, 'admin@fiuba.com', '2018-11-23 19:50:41'),
  (62, 'nnapo@fiuba.com', '$2a$10$yumJNs6cmGTE7pJ5SvYA3OhfD81OISdPxadRl4kpgQlqN3T2vbPRu', 'Norberto', 'Napolitano', 'nnapo@fiuba.com', NULL, 1, NULL, '00435977630555322504', NULL, 'admin@fiuba.com', '2018-11-23 19:51:42', NULL, 'admin@fiuba.com', '2018-11-23 19:51:42'),
  (63, 'fcabral@fiuba.com', '$2a$10$eSTjtQm0a3OfwZa1CrhAPe/fsCRS32jkpBmt4Ojs8dQ.h1tUMt.iW', 'Facundo', 'Cabral', 'fcabral@fiuba.com', NULL, 1, NULL, '63946617466538921779', NULL, 'admin@fiuba.com', '2018-11-23 19:51:42', NULL, 'admin@fiuba.com', '2018-11-23 19:51:42'),
  (64, 'aotero@fiuba.com', '$2a$10$2N8sJPnUjvns9jSYycY49Owg2s6kczsJP5ef1TV0XYyaTzQcnFT5m', 'Adrían', 'Otero', 'aotero@fiuba.com', NULL, 1, NULL, '46473525120902486104', NULL, 'admin@fiuba.com', '2018-11-23 19:51:42', NULL, 'admin@fiuba.com', '2018-11-23 19:51:42'),
  (65, 'npumpido@fiuba.com', '$2a$10$oioJyD1mlr5ujHMRwqBUyuEx4cwmBJRcQ84PR1CvDnwXoQttXIGFO', 'Nery', 'Pumpido', 'npumpido@fiuba.com', NULL, 1, NULL, '78937052693491268649', NULL, 'admin@fiuba.com', '2018-11-23 19:51:42', NULL, 'admin@fiuba.com', '2018-11-23 19:51:42'),
  (66, 'jbasualdo@fiuba.com', '$2a$10$u7g8.x7jzXyhEu3y7.SsHeAVdyfI3G4xMjC2pSP28ppfLzEKfSVWO', 'Jose', 'Basualdo', 'jbasualdo@fiuba.com', NULL, 1, NULL, '62110275949533059830', NULL, 'admin@fiuba.com', '2018-11-23 19:51:42', NULL, 'admin@fiuba.com', '2018-11-23 19:51:42'),
  (67, 'gcalderon@fiuba.com', '$2a$10$8TwmQcx6gIUCvcAj7pb2ZePr2H3ez5mVq.hn7K9HcU4l04R4EFIYm', 'Gabriel', 'Calderon', 'gcalderon@fiuba.com', NULL, 1, NULL, '85207584039808498533', NULL, 'admin@fiuba.com', '2018-11-23 19:51:42', NULL, 'admin@fiuba.com', '2018-11-23 19:51:42'),
  (68, 'gdezotti@fiuba.com', '$2a$10$JoD1cSeuLvDnvuVubA7z/eaSIrdDkQprk78t569gAEUeYJYoFNo.m', 'Gustavo', 'Dezotti', 'gdezotti@fiuba.com', NULL, 1, NULL, '12486372567091549377', NULL, 'admin@fiuba.com', '2018-11-23 19:51:42', NULL, 'admin@fiuba.com', '2018-11-23 19:51:42'),
  (69, 'nfabbri@fiuba.com', '$2a$10$OIBuAZ/WyDE6fsdU123kpOtgwhI6nx1sKCJJQ9QGrGm3eJJJ0Dmxa', 'Néstor', 'Fabbri', 'nfabbri@fiuba.com', NULL, 1, NULL, '62521426748608132940', NULL, 'admin@fiuba.com', '2018-11-23 19:51:43', NULL, 'admin@fiuba.com', '2018-11-23 19:51:43'),
  (70, 'nlorenzo@fiuba.com', '$2a$10$zhRVlfCFRzFdhP4BnIBnn.3BpWkSoDO3DSW3b02JPCRrPoPuNOMCO', 'Néstor', 'Lorenzo', 'nlorenzo@fiuba.com', NULL, 1, NULL, '70506501929267759754', NULL, 'admin@fiuba.com', '2018-11-23 19:51:43', NULL, 'admin@fiuba.com', '2018-11-23 19:51:43'),
  (71, 'rgiusti@fiuba.com', '$2a$10$sbNVoif8aNSt0H0BhInZ7OXUWUGrr6bAaJvnWm16x346MOsuJ5jCO', 'Ricardo', 'Giusti', 'rgiusti@fiuba.com', NULL, 1, NULL, '06552278323192901465', NULL, 'admin@fiuba.com', '2018-11-23 19:51:43', NULL, 'admin@fiuba.com', '2018-11-23 19:51:43'),
  (72, 'jolarticoechea@fiuba.com', '$2a$10$/JMrLCzp21pgD23xQcljteLT1ZLJe0/mYoDttjTOGsG7Gb8V..hCe', 'Julio', 'Olarticoechea', 'jolarticoechea@fiuba.com', NULL, 1, NULL, '09813467060685099279', NULL, 'admin@fiuba.com', '2018-11-23 19:51:43', NULL, 'admin@fiuba.com', '2018-11-23 19:51:43'),
  (73, 'jserrizuela@fiuba.com', '$2a$10$a5FSpKbexXF7q98G7Akky.X5udoqnK9c2hiblbnrHgsZ2J3dFOgI6', 'José', 'Serrizuela', 'jserrizuela@fiuba.com', NULL, 1, NULL, '37108175333997289105', NULL, 'admin@fiuba.com', '2018-11-23 19:51:43', NULL, 'admin@fiuba.com', '2018-11-23 19:51:43'),
  (74, 'jsimon@fiuba.com', '$2a$10$q3SYmQvhXQg3issByBXQmeyQNamYTDgTs8BsroFlS2WHu9ZZK13oC', 'Juan', 'Simón', 'jsimon@fiuba.com', NULL, 1, NULL, '45360106907715181585', NULL, 'admin@fiuba.com', '2018-11-23 19:51:43', NULL, 'admin@fiuba.com', '2018-11-23 19:51:43'),
  (75, 'fcancelarich@fiuba.com', '$2a$10$bF/zmAo795DSmLwInyCZaOc7.s5kMcno5XQYdqfmv5i1JfEz.o.du', 'Fabián', 'Cancelarich', 'fcancelarich@fiuba.com', NULL, 1, NULL, '27355595443036520896', NULL, 'admin@fiuba.com', '2018-11-23 19:51:43', NULL, 'admin@fiuba.com', '2018-11-23 19:51:43'),
  (76, 'svazques@fiuba.com', '$2a$10$DzQqwwjK.p/G1kX.cJbu.eumeG9XxPZ5JMNlPVEm7/elYPdlHzkfy', 'Sergio', 'Vázquez', 'svazques@fiuba.com', NULL, 1, NULL, '18074160873968842646', NULL, 'admin@fiuba.com', '2018-11-24 11:30:41', NULL, 'admin@fiuba.com', '2018-11-24 11:30:41'),
  (77, 'jchamot@fiuba.com', '$2a$10$p751bTqvn.obOJwA73OkUeCUZecJAQVmP2d/EkOMnmMSxoqn88Zmu', 'José', 'Chamot', 'jchamot@fiuba.com', NULL, 1, NULL, '65550900588069895858', NULL, 'admin@fiuba.com', '2018-11-24 11:30:41', NULL, 'admin@fiuba.com', '2018-11-24 11:30:41'),
  (78, 'rsensini@fiuba.com', '$2a$10$ZySQQzjCbP5CEbzYhNZcmeovDQvHFY6qpji7APZc3LSxrJq.PxRs.', 'Roberto', 'Sensini', 'rsensini@fiuba.com', NULL, 1, NULL, '30739673643297275581', NULL, 'admin@fiuba.com', '2018-11-24 11:30:41', NULL, 'admin@fiuba.com', '2018-11-24 11:30:41'),
  (79, 'fredondo@fiuba.com', '$2a$10$di1gdSSnOAE6wqveE8slm.WI7QJC3JHIw3RKUjtoV82sdMJ1i8.E6', 'Fernando', 'Redondo', 'fredondo@fiuba.com', NULL, 1, NULL, '16494350319216238791', NULL, 'admin@fiuba.com', '2018-11-24 11:30:41', NULL, 'admin@fiuba.com', '2018-11-24 11:30:41'),
  (80, 'fcaceres@fiuba.com', '$2a$10$TQzOhVxxe3uTJjwbWRJ0POUNljUROYQKHjuZcOg1vgO2aEAyr0Yb6', 'Fernando', 'Cáceres', 'fcaceres@fiuba.com', NULL, 1, NULL, '68067871035564603449', NULL, 'admin@fiuba.com', '2018-11-24 11:30:41', NULL, 'admin@fiuba.com', '2018-11-24 11:30:41'),
  (81, 'jborelli@fiuba.com', '$2a$10$cU13agVvykyjvcVkecpJGexi/M66.KBqdGbsFt1KolEY3TaeGUQbG', 'Jorge', 'Borelli', 'jborelli@fiuba.com', NULL, 1, NULL, '75626486067624448903', NULL, 'admin@fiuba.com', '2018-11-24 11:30:42', NULL, 'admin@fiuba.com', '2018-11-24 11:30:42'),
  (82, 'hperez@fiuba.com', '$2a$10$R9OBe69kL7An5S7yCJjAj.vFfb2PiQIuNjt.S4NHgi4HNqdarcUZm', 'Hugo', 'Pérez', 'hperez@fiuba.com', NULL, 1, NULL, '49052653098201551751', NULL, 'admin@fiuba.com', '2018-11-24 11:30:42', NULL, 'admin@fiuba.com', '2018-11-24 11:30:42'),
  (83, 'lrodriguez@fiuba.com', '$2a$10$5fmAJXWdkmJy8sWTugVwQOD7iroRVINBOJlkNsyflfxjgXESaXB0y', 'Leonardo', 'Rodríguez', 'lrodriguez@fiuba.com', NULL, 1, NULL, '56743573655707621122', NULL, 'admin@fiuba.com', '2018-11-24 11:30:42', NULL, 'admin@fiuba.com', '2018-11-24 11:30:42'),
  (84, 'lislas@fiuba.com', '$2a$10$zPy0ereSwq5qjK8xgBfSu.MJE1NrE7CS8SDeDNMY7C8BM/nh3cIy6', 'Luis', 'Islas', 'lislas@fiuba.com', NULL, 1, NULL, '88513732114118871949', NULL, 'admin@fiuba.com', '2018-11-24 11:30:42', NULL, 'admin@fiuba.com', '2018-11-24 11:30:42'),
  (85, 'croa@fiuba.com', '$2a$10$3B8TIWguiSCOuPkPfZSFJeVf3Q9kNUspjeWz22Xjvkus5BCUN5KCK', 'Carlos', 'Roa', 'croa@fiuba.com', NULL, 1, NULL, '90325149912789837745', NULL, 'admin@fiuba.com', '2018-11-24 11:30:42', NULL, 'admin@fiuba.com', '2018-11-24 11:30:42'),
  (86, 'nvivas@fiuba.com', '$2a$10$qhpLzP7eiU9ggz57zDHsz.avlOj65pzHz7EtLfUJ9sAOZpvkpO/iq', 'Nelson', 'Vivas', 'nvivas@fiuba.com', NULL, 1, NULL, '13778043268324223585', NULL, 'admin@fiuba.com', '2018-11-24 11:30:43', NULL, 'admin@fiuba.com', '2018-11-24 11:30:43'),
  (87, 'sberti@fiuba.com', '$2a$10$qBfT8iu1lPuJ9qCpDOrHte/Q83S3t2oYhAm8h33GGh/pN5t/ZMg/C', 'Sergio', 'Berti', 'sberti@fiuba.com', NULL, 1, NULL, '52578776943386495152', NULL, 'admin@fiuba.com', '2018-11-24 11:30:43', NULL, 'admin@fiuba.com', '2018-11-24 11:30:43'),
  (88, 'jzanetti@fiuba.com', '$2a$10$PVXLDhSc0DgaCdsDFYmbs.dzsbZcBHFetweyBVnx3ScaGmnN1xUye', 'Javier', 'Zanetti', 'jzanetti@fiuba.com', NULL, 1, NULL, '41053846562727667559', NULL, 'admin@fiuba.com', '2018-11-24 11:30:43', NULL, 'admin@fiuba.com', '2018-11-24 11:30:43'),
  (89, 'nscoponi@fiuba.com', '$2a$10$pTYANPYNFZb94Cy99ZVaGOXwJu5.411vb/bsX5qeRArmZRkZoXFnK', 'Norberto', 'Scoponi', 'nscoponi@fiuba.com', NULL, 1, NULL, '67328382596415543705', NULL, 'admin@fiuba.com', '2018-11-24 11:31:25', NULL, 'admin@fiuba.com', '2018-11-24 11:31:25');


INSERT INTO `jhi_user_authority` (`user_id`, `authority_name`)
VALUES
  (5, 'ROLE_PROFESOR'),
  (6, 'ROLE_PROFESOR'),
  (7, 'ROLE_PROFESOR'),
  (8, 'ROLE_ALUMNO'),
  (9, 'ROLE_ALUMNO'),
  (10, 'ROLE_ALUMNO'),
  (11, 'ROLE_ALUMNO'),
  (12, 'ROLE_ALUMNO'),
  (13, 'ROLE_ALUMNO'),
  (14, 'ROLE_ALUMNO'),
  (14, 'ROLE_PROFESOR'),
  (15, 'ROLE_ADMIN'),
  (16, 'ROLE_ADM_DPTO');

INSERT INTO `periodo` (`id`, `cuatrimestre`, `anio`)
VALUES
  (1, 'PRIMERO', '2017'),
  (2, 'SEGUNDO', '2017'),
  (3, 'PRIMERO', '2018'),
  (4, 'SEGUNDO', '2018');

INSERT INTO `profesor` (`id`, `nombre`, `apellido`, `user_id`)
VALUES
  (1, 'Mercedes', 'Sosa', 5),
  (2, 'Gustavo', 'Cerati', 6),
  (3, 'Luis Alberto', 'Spinetta', 7),
  (4, 'Elvis', 'Presley', 14),
  (5, 'Norberto', 'Napolitano', 62),
  (6, 'Facundo', 'Cabral', 63),
  (7, 'Adrían', 'Otero', 64),
  (8, 'Nery', 'Pumpido', 65),
  (9, 'Jose', 'Basualdo', 66),
  (10, 'Gabriel', 'Calderon', 67),
  (11, 'Gustavo', 'Dezotti', 68),
  (12, 'Néstor', 'Fabbri', 69),
  (13, 'Néstor', 'Lorenzo', 70),
  (14, 'Ricardo', 'Giusti', 71),
  (15, 'Julio', 'Olarticoechea', 72),
  (16, 'José', 'Serrizuela', 73),
  (17, 'Juan', 'Simón', 74),
  (18, 'Fabián', 'Cancelarich', 75),
  (19, 'Sergio', 'Vázquez', 76),
  (20, 'José', 'Chamot', 77),
  (21, 'Roberto', 'Sensini', 78),
  (22, 'Fernando', 'Redondo', 79),
  (23, 'Fernando', 'Cáceres', 80),
  (24, 'Jorge', 'Borelli', 81),
  (25, 'Hugo', 'Pérez', 82),
  (26, 'Leonardo', 'Rodríguez', 83),
  (27, 'Luis', 'Islas', 84),
  (28, 'Carlos', 'Roa', 85),
  (29, 'Roberto', 'Ayala', 42),
  (30, 'Nelson', 'Vivas', 86),
  (31, 'Sergio', 'Berti', 87),
  (32, 'Javier', 'Zanetti', 88),
  (33, 'Norberto', 'Scoponi', 89);

INSERT INTO `alumno` (`id`, `nombre`, `apellido`, `padron`, `prioridad`, `firebase_token`, `user_id`)
VALUES
  (1, 'Fito', 'Paez', '1000', 10, NULL, 8),
  (2, 'Leon', 'Gieco', '2000', 10, NULL, 9),
  (3, 'Charly', 'Garcia', '3000', 20, NULL, 10),
  (4, 'Gustavo', 'Cordera', '4000', 30, NULL, 11),
  (5, 'Fabiana', 'Cantilo', '5000', 60, NULL, 12),
  (6, 'Hilda', 'Lizarazu', '6000', 32, NULL, 13),
  (7, 'Elvis', 'Presley', '6000', 12, NULL, 14),
  (8, 'Mercedes', 'Sosa', '10003', 45, NULL, 5),
  (9, 'Daniel', 'Kux', '80561', 22, NULL, 17),
  (10, 'Victor', 'Heredia', '80560', 22, NULL, 18),
  (11, 'Antonio', 'Roma', '100', 3, NULL, 19),
  (12, 'Rolando', 'Irusta', '101', 3, NULL, 20),
  (13, 'Hugo', 'Gatti', '102', 3, NULL, 21),
  (14, 'Roberto', 'Perfumo', '103', 3, NULL, 22),
  (15, 'José', 'Varacka', '104', 3, NULL, 23),
  (16, 'Oscar', 'Calics', '105', 3, NULL, 24),
  (17, 'Silvio', 'Marzolini', '106', 3, NULL, 25),
  (18, 'Roberto', 'Ferreiro', '107', 3, NULL, 26),
  (19, 'Carmelo', 'Simeone', '108', 3, NULL, 27),
  (20, 'Antonio', 'Rattín', '109', 3, NULL, 28),
  (21, 'José Omar', 'Pastoriza', '110', 3, NULL, 29),
  (22, 'Rafael', 'Albrecht', '111', 3, NULL, 30),
  (23, 'Nelson', 'López', '112', 3, NULL, 31),
  (24, 'Mario', 'Chaldú', '113', 3, NULL, 32),
  (25, 'Jorge', 'Solari', '114', 3, NULL, 33),
  (26, 'Alberto', 'González', '115', 3, NULL, 34),
  (27, 'Juan Carlos', 'Sarnari', '116', 3, NULL, 35),
  (28, 'Alfredo', 'Rojas', '117', 3, NULL, 36),
  (29, 'Luis', 'Artime', '118', 3, NULL, 37),
  (30, 'Ermindo', 'Onega', '119', 3, NULL, 38),
  (31, 'Oscar', 'Más', '120', 3, NULL, 39),
  (32, 'Aníbal', 'Tarabini', '121', 3, NULL, 40),
  (33, 'Daniel', 'Carnevali', '122', 3, NULL, 41),
  (34, 'Rubén', 'Ayala', '123', 3, NULL, 42),
  (35, 'Carlos', 'Babington', '124', 3, NULL, 43),
  (36, 'Agustín', 'Balbuena', '125', 3, NULL, 44),
  (37, 'Ángel', 'Bargas', '126', 3, NULL, 45),
  (38, 'Miguel', 'Brindisi', '127', 3, NULL, 46),
  (39, 'Jorge', 'Carrascosa', '128', 3, NULL, 47),
  (40, 'Enrique', 'Chazarreta', '129', 3, NULL, 48),
  (41, 'Rubén Oscar', 'Glaria', '130', 3, NULL, 49),
  (42, 'Ramón', 'Heredia', '131', 3, NULL, 50),
  (43, 'René', 'Houseman', '132', 3, NULL, 51),
  (44, 'Ubaldo', 'Fillol', '133', 3, NULL, 52),
  (45, 'Mario', 'Kempes', '134', 3, NULL, 53),
  (46, 'Aldo', 'Poy', '136', 3, NULL, 54),
  (47, 'Francisco', 'Sa', '137', 3, NULL, 55),
  (48, 'Carlos', 'Squeo', '138', 3, NULL, 56),
  (49, 'Roberto', 'Telch', '139', 3, NULL, 57),
  (50, 'Néstor', 'Togneri', '140', 3, NULL, 58),
  (51, 'Enrique', 'Wolff', '141', 3, NULL, 59),
  (52, 'Miguel', 'Santoro', '142', 3, NULL, 60),
  (53, 'Héctor', 'Yazalde', '143', 3, NULL, 61);

INSERT INTO `alumno_carrera` (`id`, `alumno_id`, `carrera_id`)
VALUES
  (1, 1, 6),
  (2, 1, 12),
  (3, 2, 1),
  (4, 3, 6),
  (5, 4, 6),
  (6, 5, 6),
  (7, 6, 6),
  (8, 8, 9),
  (9, 9, 9),
  (10, 9, 10),
  (11, 10, 8),
  (12, 11, 4),
  (13, 11, 6),
  (14, 12, 4),
  (15, 12, 6),
  (16, 13, 4),
  (17, 13, 6),
  (18, 14, 4),
  (19, 14, 6),
  (20, 15, 4),
  (21, 15, 6),
  (22, 16, 4),
  (23, 16, 6),
  (24, 17, 4),
  (25, 17, 6),
  (26, 18, 4),
  (27, 18, 6),
  (28, 19, 4),
  (29, 19, 6),
  (30, 20, 4),
  (31, 20, 6),
  (32, 21, 4),
  (33, 21, 6),
  (34, 22, 4),
  (35, 22, 6),
  (36, 23, 4),
  (37, 23, 6),
  (38, 24, 4),
  (39, 24, 6),
  (40, 25, 4),
  (41, 25, 6),
  (42, 26, 4),
  (43, 26, 6),
  (44, 27, 4),
  (45, 27, 6),
  (46, 28, 4),
  (47, 28, 6),
  (48, 29, 4),
  (49, 29, 6),
  (50, 30, 4),
  (51, 30, 6),
  (52, 31, 4),
  (53, 31, 6),
  (54, 32, 4),
  (55, 32, 6),
  (56, 33, 4),
  (57, 33, 6),
  (58, 34, 4),
  (59, 34, 6),
  (60, 35, 4),
  (61, 35, 6),
  (62, 36, 4),
  (63, 36, 6),
  (64, 37, 4),
  (65, 37, 6),
  (66, 38, 4),
  (67, 38, 6),
  (68, 39, 4),
  (69, 39, 6),
  (70, 40, 4),
  (71, 40, 6),
  (72, 41, 4),
  (73, 41, 6),
  (74, 42, 4),
  (75, 42, 6),
  (76, 43, 4),
  (77, 43, 6),
  (78, 44, 4),
  (79, 44, 6),
  (80, 45, 4),
  (81, 45, 6),
  (82, 46, 4),
  (83, 46, 6),
  (84, 47, 4),
  (85, 47, 6),
  (86, 48, 4),
  (87, 48, 6),
  (88, 49, 4),
  (89, 49, 6),
  (90, 50, 4),
  (91, 50, 6),
  (92, 51, 4),
  (93, 51, 6),
  (94, 52, 4),
  (95, 52, 6),
  (96, 53, 4),
  (97, 53, 6);

INSERT INTO `materia` (`id`, `nombre`, `codigo`, `creditos`, `departamento_id`, `carrera_id`)
VALUES
  (1, 'Tesis', '75.00', 20, 2, 6),
  (2, 'Computación', '75.01', 6, 2, 6),
  (3, 'Algoritmos y Programación I', '75.02', 6, 2, 6),
  (4, 'Organización del Computador', '75.03', 6, 2, 6),
  (5, 'Legal', '71.03', 6, 8, 6),
  (6, 'Legal', '71.03', 6, 8, 4),
  (7, 'Algoritmos y Programación II', '75.04', 6, 2, 6),
  (8, 'Organización de Datos', '75.06', 6, 2, 6),
  (9, 'Algoritmos y Programación III ', '75.07', 6, 2, 6),
  (10, 'Tesis de Ingeniería Electrónica', '66.00', 20, 4, 4),
  (11, 'Técnica Digital', '66.01', 6, 4, 4),
  (12, 'Laboratorio', '66.02', 6, 4, 6),
  (13, 'Electrónica I', '66.04', 6, 4, 4),
  (14, 'Electrónica II ', '66.05', 6, 4, 4),
  (15, 'Análisis de Circuitos', '66.06', 10, 4, 4),
  (16, 'Análisis de Circuitos', '66.06', 10, 4, 6),
  (17, 'Análisis Matemático II A', '61.03', 8, 14, 4),
  (18, 'Análisis Matemático II A', '61.03', 8, 14, 6),
  (19, 'Probabilidad y Estadística B', '61.09', 6, 14, 4),
  (20, 'Probabilidad y Estadística B', '61.09', 6, 14, 6),
  (21, 'Análisis Matemático III A', '61.10', 6, 14, 4),
  (22, 'Análisis Matemático III A', '61.10', 6, 14, 6),
  (23, 'Física I A', '62.01', 6, 7, 4),
  (24, 'Física I A', '62.01', 6, 7, 6),
  (25, 'Física II A', '62.03', 6, 7, 4),
  (26, 'Física II A', '62.03', 6, 7, 6),
  (27, 'Fisica III', '62.05', 10, 7, 4),
  (28, 'Física III D', '62.15', 6, 7, 6);


INSERT INTO `curso` (`id`, `estado`, `vacantes`, `numero`, `profesor_id`, `periodo_id`, `materia_id`)
VALUES
  (1, 'ACTIVO', 6, 1, 1, 1, 1),
  (2, 'ACTIVO', 2, 1, 1, 1, 2),
  (3, 'ACTIVO', 20, 2, 2, 1, 2),
  (4, 'ACTIVO', 20, 1, 2, 1, 3),
  (5, 'ACTIVO', 20, 1, 2, 1, 4),
  (6, 'ACTIVO', 20, 2, 3, 1, 4),
  (7, 'ACTIVO', 20, 1, 3, 1, 5),
  (8, 'ACTIVO', 20, 1, 3, 1, 6),
  (9, 'ACTIVO', 20, 2, 4, 1, 5),
  (10, 'ACTIVO', 20, 2, 4, 1, 6),
  (11, 'ACTIVO', 20, 1, 4, 1, 7),
  (12, 'ACTIVO', 20, 2, 5, 1, 7),
  (13, 'ACTIVO', 20, 1, 5, 1, 8),
  (14, 'ACTIVO', 20, 1, 5, 1, 9),
  (15, 'ACTIVO', 20, 3, 6, 1, 7),
  (16, 'ACTIVO', 20, 2, 6, 1, 8),
  (17, 'ACTIVO', 20, 2, 6, 1, 9),
  (18, 'ACTIVO', 20, 3, 7, 1, 8),
  (19, 'ACTIVO', 20, 3, 7, 1, 9),
  (20, 'ACTIVO', 20, 1, 8, 1, 10),
  (21, 'ACTIVO', 20, 1, 8, 1, 11),
  (22, 'ACTIVO', 20, 1, 8, 1, 14),
  (23, 'ACTIVO', 20, 2, 9, 1, 11),
  (24, 'ACTIVO', 20, 1, 9, 1, 12),
  (25, 'ACTIVO', 20, 1, 9, 1, 13),
  (26, 'ACTIVO', 20, 2, 10, 1, 13),
  (27, 'ACTIVO', 20, 2, 10, 1, 14),
  (28, 'ACTIVO', 20, 1, 10, 1, 15),
  (29, 'ACTIVO', 20, 3, 11, 1, 13),
  (30, 'ACTIVO', 20, 3, 11, 1, 14),
  (31, 'ACTIVO', 20, 2, 11, 1, 15),
  (32, 'ACTIVO', 20, 4, 12, 1, 14),
  (33, 'ACTIVO', 20, 3, 12, 1, 15),
  (34, 'ACTIVO', 20, 1, 13, 1, 17),
  (35, 'ACTIVO', 20, 1, 13, 1, 18),
  (36, 'ACTIVO', 20, 2, 14, 1, 17),
  (37, 'ACTIVO', 20, 2, 14, 1, 18),
  (38, 'ACTIVO', 20, 3, 15, 1, 17),
  (39, 'ACTIVO', 20, 3, 15, 1, 18),
  (40, 'ACTIVO', 20, 4, 16, 1, 17),
  (41, 'ACTIVO', 20, 4, 16, 1, 18),
  (42, 'ACTIVO', 20, 5, 17, 1, 17),
  (43, 'ACTIVO', 20, 5, 17, 1, 18),
  (44, 'ACTIVO', 20, 1, 18, 1, 19),
  (45, 'ACTIVO', 20, 1, 18, 1, 20),
  (46, 'ACTIVO', 20, 2, 19, 1, 19),
  (47, 'ACTIVO', 20, 2, 19, 1, 20),
  (48, 'ACTIVO', 20, 3, 20, 1, 19),
  (49, 'ACTIVO', 20, 3, 20, 1, 20),
  (50, 'ACTIVO', 20, 1, 21, 1, 21),
  (51, 'ACTIVO', 20, 1, 21, 1, 22),
  (52, 'ACTIVO', 20, 2, 22, 1, 21),
  (53, 'ACTIVO', 20, 2, 22, 1, 22),
  (54, 'ACTIVO', 20, 1, 23, 1, 23),
  (55, 'ACTIVO', 20, 1, 23, 1, 24),
  (56, 'ACTIVO', 20, 2, 24, 1, 23),
  (57, 'ACTIVO', 20, 2, 24, 1, 24),
  (58, 'ACTIVO', 20, 3, 25, 1, 23),
  (59, 'ACTIVO', 20, 3, 25, 1, 24),
  (60, 'ACTIVO', 20, 4, 26, 1, 23),
  (61, 'ACTIVO', 20, 4, 26, 1, 24),
  (62, 'ACTIVO', 20, 1, 27, 1, 25),
  (63, 'ACTIVO', 20, 1, 27, 1, 26),
  (64, 'ACTIVO', 20, 2, 28, 1, 25),
  (65, 'ACTIVO', 20, 2, 28, 1, 26),
  (66, 'ACTIVO', 20, 3, 29, 1, 25),
  (67, 'ACTIVO', 20, 3, 29, 1, 26),
  (68, 'ACTIVO', 20, 1, 30, 1, 27),
  (69, 'ACTIVO', 20, 2, 31, 1, 27),
  (70, 'ACTIVO', 20, 1, 32, 1, 28),
  (71, 'ACTIVO', 20, 2, 33, 1, 28),
  (72, 'ACTIVO', 6, 1, 1, 2, 1),
  (73, 'ACTIVO', 2, 1, 1, 2, 2),
  (74, 'ACTIVO', 20, 2, 2, 2, 2),
  (75, 'ACTIVO', 20, 1, 2, 2, 3),
  (76, 'ACTIVO', 20, 1, 2, 2, 4),
  (77, 'ACTIVO', 20, 2, 3, 2, 4),
  (78, 'ACTIVO', 20, 1, 3, 2, 5),
  (79, 'ACTIVO', 20, 1, 3, 2, 6),
  (80, 'ACTIVO', 20, 2, 4, 2, 5),
  (81, 'ACTIVO', 20, 2, 4, 2, 6),
  (82, 'ACTIVO', 20, 1, 4, 2, 7),
  (83, 'ACTIVO', 20, 2, 5, 2, 7),
  (84, 'ACTIVO', 20, 1, 5, 2, 8),
  (85, 'ACTIVO', 20, 1, 5, 2, 9),
  (86, 'ACTIVO', 20, 3, 6, 2, 7),
  (87, 'ACTIVO', 20, 2, 6, 2, 8),
  (88, 'ACTIVO', 20, 2, 6, 2, 9),
  (89, 'ACTIVO', 20, 3, 7, 2, 8),
  (90, 'ACTIVO', 20, 3, 7, 2, 9),
  (91, 'ACTIVO', 20, 1, 8, 2, 10),
  (92, 'ACTIVO', 20, 1, 8, 2, 11),
  (93, 'ACTIVO', 20, 1, 8, 2, 14),
  (94, 'ACTIVO', 20, 2, 9, 2, 11),
  (95, 'ACTIVO', 20, 1, 9, 2, 12),
  (96, 'ACTIVO', 20, 1, 9, 2, 13),
  (97, 'ACTIVO', 20, 2, 10, 2, 13),
  (98, 'ACTIVO', 20, 2, 10, 2, 14),
  (99, 'ACTIVO', 20, 1, 10, 2, 15),
  (100, 'ACTIVO', 20, 3, 11, 2, 13),
  (101, 'ACTIVO', 20, 3, 11, 2, 14),
  (102, 'ACTIVO', 20, 2, 11, 2, 15),
  (103, 'ACTIVO', 20, 4, 12, 2, 14),
  (104, 'ACTIVO', 20, 3, 12, 2, 15),
  (105, 'ACTIVO', 20, 1, 13, 2, 17),
  (106, 'ACTIVO', 20, 1, 13, 2, 18),
  (107, 'ACTIVO', 20, 2, 14, 2, 17),
  (108, 'ACTIVO', 20, 2, 14, 2, 18),
  (109, 'ACTIVO', 20, 3, 15, 2, 17),
  (110, 'ACTIVO', 20, 3, 15, 2, 18),
  (111, 'ACTIVO', 20, 4, 16, 2, 17),
  (112, 'ACTIVO', 20, 4, 16, 2, 18),
  (113, 'ACTIVO', 20, 5, 17, 2, 17),
  (114, 'ACTIVO', 20, 5, 17, 2, 18),
  (115, 'ACTIVO', 20, 1, 18, 2, 19),
  (116, 'ACTIVO', 20, 1, 18, 2, 20),
  (117, 'ACTIVO', 20, 2, 19, 2, 19),
  (118, 'ACTIVO', 20, 2, 19, 2, 20),
  (119, 'ACTIVO', 20, 3, 20, 2, 19),
  (120, 'ACTIVO', 20, 3, 20, 2, 20),
  (121, 'ACTIVO', 20, 1, 21, 2, 21),
  (122, 'ACTIVO', 20, 1, 21, 2, 22),
  (123, 'ACTIVO', 20, 2, 22, 2, 21),
  (124, 'ACTIVO', 20, 2, 22, 2, 22),
  (125, 'ACTIVO', 20, 1, 23, 2, 23),
  (126, 'ACTIVO', 20, 1, 23, 2, 24),
  (127, 'ACTIVO', 20, 2, 24, 2, 23),
  (128, 'ACTIVO', 20, 2, 24, 2, 24),
  (129, 'ACTIVO', 20, 3, 25, 2, 23),
  (130, 'ACTIVO', 20, 3, 25, 2, 24),
  (131, 'ACTIVO', 20, 4, 26, 2, 23),
  (132, 'ACTIVO', 20, 4, 26, 2, 24),
  (133, 'ACTIVO', 20, 1, 27, 2, 25),
  (134, 'ACTIVO', 20, 1, 27, 2, 26),
  (135, 'ACTIVO', 20, 2, 28, 2, 25),
  (136, 'ACTIVO', 20, 2, 28, 2, 26),
  (137, 'ACTIVO', 20, 3, 29, 2, 25),
  (138, 'ACTIVO', 20, 3, 29, 2, 26),
  (139, 'ACTIVO', 20, 1, 30, 2, 27),
  (140, 'ACTIVO', 20, 2, 31, 2, 27),
  (141, 'ACTIVO', 20, 1, 32, 2, 28),
  (142, 'ACTIVO', 20, 2, 33, 2, 28),
  (143, 'ACTIVO', 6, 1, 1, 3, 1),
  (144, 'ACTIVO', 2, 1, 1, 3, 2),
  (145, 'ACTIVO', 20, 2, 2, 3, 2),
  (146, 'ACTIVO', 20, 1, 2, 3, 3),
  (147, 'ACTIVO', 20, 1, 2, 3, 4),
  (148, 'ACTIVO', 20, 2, 3, 3, 4),
  (149, 'ACTIVO', 20, 1, 3, 3, 5),
  (150, 'ACTIVO', 20, 1, 3, 3, 6),
  (151, 'ACTIVO', 20, 2, 4, 3, 5),
  (152, 'ACTIVO', 20, 2, 4, 3, 6),
  (153, 'ACTIVO', 20, 1, 4, 3, 7),
  (154, 'ACTIVO', 20, 2, 5, 3, 7),
  (155, 'ACTIVO', 20, 1, 5, 3, 8),
  (156, 'ACTIVO', 20, 1, 5, 3, 9),
  (157, 'ACTIVO', 20, 3, 6, 3, 7),
  (158, 'ACTIVO', 20, 2, 6, 3, 8),
  (159, 'ACTIVO', 20, 2, 6, 3, 9),
  (160, 'ACTIVO', 20, 3, 7, 3, 8),
  (161, 'ACTIVO', 20, 3, 7, 3, 9),
  (162, 'ACTIVO', 20, 1, 8, 3, 10),
  (163, 'ACTIVO', 20, 1, 8, 3, 11),
  (164, 'ACTIVO', 20, 1, 8, 3, 14),
  (165, 'ACTIVO', 20, 2, 9, 3, 11),
  (166, 'ACTIVO', 20, 1, 9, 3, 12),
  (167, 'ACTIVO', 20, 1, 9, 3, 13),
  (168, 'ACTIVO', 20, 2, 10, 3, 13),
  (169, 'ACTIVO', 20, 2, 10, 3, 14),
  (170, 'ACTIVO', 20, 1, 10, 3, 15),
  (171, 'ACTIVO', 20, 3, 11, 3, 13),
  (172, 'ACTIVO', 20, 3, 11, 3, 14),
  (173, 'ACTIVO', 20, 2, 11, 3, 15),
  (174, 'ACTIVO', 20, 4, 12, 3, 14),
  (175, 'ACTIVO', 20, 3, 12, 3, 15),
  (176, 'ACTIVO', 20, 1, 13, 3, 17),
  (177, 'ACTIVO', 20, 1, 13, 3, 18),
  (178, 'ACTIVO', 20, 2, 14, 3, 17),
  (179, 'ACTIVO', 20, 2, 14, 3, 18),
  (180, 'ACTIVO', 20, 3, 15, 3, 17),
  (181, 'ACTIVO', 20, 3, 15, 3, 18),
  (182, 'ACTIVO', 20, 4, 16, 3, 17),
  (183, 'ACTIVO', 20, 4, 16, 3, 18),
  (184, 'ACTIVO', 20, 5, 17, 3, 17),
  (185, 'ACTIVO', 20, 5, 17, 3, 18),
  (186, 'ACTIVO', 20, 1, 18, 3, 19),
  (187, 'ACTIVO', 20, 1, 18, 3, 20),
  (188, 'ACTIVO', 20, 2, 19, 3, 19),
  (189, 'ACTIVO', 20, 2, 19, 3, 20),
  (190, 'ACTIVO', 20, 3, 20, 3, 19),
  (191, 'ACTIVO', 20, 3, 20, 3, 20),
  (192, 'ACTIVO', 20, 1, 21, 3, 21),
  (193, 'ACTIVO', 20, 1, 21, 3, 22),
  (194, 'ACTIVO', 20, 2, 22, 3, 21),
  (195, 'ACTIVO', 20, 2, 22, 3, 22),
  (196, 'ACTIVO', 20, 1, 23, 3, 23),
  (197, 'ACTIVO', 20, 1, 23, 3, 24),
  (198, 'ACTIVO', 20, 2, 24, 3, 23),
  (199, 'ACTIVO', 20, 2, 24, 3, 24),
  (200, 'ACTIVO', 20, 3, 25, 3, 23),
  (201, 'ACTIVO', 20, 3, 25, 3, 24),
  (202, 'ACTIVO', 20, 4, 26, 3, 23),
  (203, 'ACTIVO', 20, 4, 26, 3, 24),
  (204, 'ACTIVO', 20, 1, 27, 3, 25),
  (205, 'ACTIVO', 20, 1, 27, 3, 26),
  (206, 'ACTIVO', 20, 2, 28, 3, 25),
  (207, 'ACTIVO', 20, 2, 28, 3, 26),
  (208, 'ACTIVO', 20, 3, 29, 3, 25),
  (209, 'ACTIVO', 20, 3, 29, 3, 26),
  (210, 'ACTIVO', 20, 1, 30, 3, 27),
  (211, 'ACTIVO', 20, 2, 31, 3, 27),
  (212, 'ACTIVO', 20, 1, 32, 3, 28),
  (213, 'ACTIVO', 20, 2, 33, 3, 28);


INSERT INTO `horario_cursada` (`id`, `dia`, `sede`, `aula`, `hora_inicio`, `hora_fin`, `curso_id`)
VALUES
  (1, 'LUNES', 'PC', '203', '19:00', '23:00', 1),
  (2, 'MIERCOLES', 'PC', '102', '19:00', '23:00', 1),
  (3, 'VIERNES', 'LH', '201', '15:00', '18:00', 2);

INSERT INTO `coloquio` (`id`, `aula`, `hora_inicio`, `hora_fin`, `sede`, `fecha`, `curso_id`, `periodo_id`, `estado`)
VALUES
  (1, '201', '19:00', '22:00', 'PC', '2018-12-23', 1, 3, 'ACTIVO'),
  (2, 'E9', '9:00', '12:00', 'PC', '2018-12-18', 2, 3, 'ACTIVO');

INSERT INTO `prioridad` (`fecha_habilitacion`, `periodo_id`)
VALUES
  ("2018-07-23 09:00:00",1),
  ("2018-07-23 09:30:00",1),
  ("2018-07-23 10:00:00",1),
  ("2018-07-23 10:30:00",1),
  ("2018-07-23 11:00:00",1),
  ("2018-07-23 11:30:00",1),
  ("2018-07-23 12:00:00",1),
  ("2018-07-23 12:30:00",1),
  ("2018-07-23 13:00:00",1),
  ("2018-07-23 13:30:00",1),
  ("2018-07-23 14:00:00",1),
  ("2018-07-23 14:30:00",1),
  ("2018-07-23 15:00:00",1),
  ("2018-07-23 15:30:00",1),
  ("2018-07-23 16:00:00",1),
  ("2018-07-23 16:30:00",1),
  ("2018-07-23 17:00:00",1),
  ("2018-07-23 17:30:00",1),
  ("2018-07-23 18:00:00",1),
  ("2018-07-24 09:00:00",1),
  ("2018-07-24 09:30:00",1),
  ("2018-07-24 10:00:00",1),
  ("2018-07-24 10:30:00",1),
  ("2018-07-24 11:00:00",1),
  ("2018-07-24 11:30:00",1),
  ("2018-07-24 12:00:00",1),
  ("2018-07-24 12:30:00",1),
  ("2018-07-24 13:00:00",1),
  ("2018-07-24 13:30:00",1),
  ("2018-07-24 14:00:00",1),
  ("2018-07-24 14:30:00",1),
  ("2018-07-24 15:00:00",1),
  ("2018-07-24 15:30:00",1),
  ("2018-07-24 16:00:00",1),
  ("2018-07-24 16:30:00",1),
  ("2018-07-24 17:00:00",1),
  ("2018-07-24 17:30:00",1),
  ("2018-07-24 18:00:00",1),
  ("2018-07-25 09:00:00",1),
  ("2018-07-25 09:30:00",1),
  ("2018-07-25 10:00:00",1),
  ("2018-07-25 10:30:00",1),
  ("2018-07-25 11:00:00",1),
  ("2018-07-25 11:30:00",1),
  ("2018-07-25 12:00:00",1),
  ("2018-07-25 12:30:00",1),
  ("2018-07-25 13:00:00",1),
  ("2018-07-25 13:30:00",1),
  ("2018-07-25 14:00:00",1),
  ("2018-07-25 14:30:00",1),
  ("2018-07-25 15:00:00",1),
  ("2018-07-25 15:30:00",1),
  ("2018-07-25 16:00:00",1),
  ("2018-07-25 16:30:00",1),
  ("2018-07-25 17:00:00",1),
  ("2018-07-25 17:30:00",1),
  ("2018-07-25 18:00:00",1),
  ("2018-07-26 09:00:00",1),
  ("2018-07-26 09:30:00",1),
  ("2018-07-26 10:00:00",1),
  ("2018-07-26 10:30:00",1),
  ("2018-07-26 11:00:00",1),
  ("2018-07-26 11:30:00",1),
  ("2018-07-26 12:00:00",1),
  ("2018-07-26 12:30:00",1),
  ("2018-07-26 13:00:00",1),
  ("2018-07-26 13:30:00",1),
  ("2018-07-26 14:00:00",1),
  ("2018-07-26 14:30:00",1),
  ("2018-07-26 15:00:00",1),
  ("2018-07-26 15:30:00",1),
  ("2018-07-26 16:00:00",1),
  ("2018-07-26 16:30:00",1),
  ("2018-07-26 17:00:00",1),
  ("2018-07-26 17:30:00",1),
  ("2018-07-26 18:00:00",1),
  ("2018-07-27 09:00:00",1),
  ("2018-07-27 09:30:00",1),
  ("2018-07-27 10:00:00",1),
  ("2018-07-27 10:30:00",1),
  ("2018-07-27 11:00:00",1),
  ("2018-07-27 11:30:00",1),
  ("2018-07-27 12:00:00",1),
  ("2018-07-27 12:30:00",1),
  ("2018-07-27 13:00:00",1),
  ("2018-07-27 13:30:00",1),
  ("2018-07-27 14:00:00",1),
  ("2018-07-27 14:30:00",1),
  ("2018-07-27 15:00:00",1),
  ("2018-07-27 15:30:00",1),
  ("2018-07-27 16:00:00",1),
  ("2018-07-27 16:30:00",1),
  ("2018-07-27 17:00:00",1),
  ("2018-07-27 17:30:00",1),
  ("2018-07-27 18:00:00",1);

INSERT INTO `periodo_administrativo` (`id`, `fecha_inicio`, `fecha_fin`, `actividad`, `descripcion`)
VALUES
  (1, '2018-07-01', '2018-12-31', 'INSCRIPCION_CURSADA', 'Inscripción cursada segundo cuat. 2018'),
  (2, '2018-07-01', '2018-12-31', 'CONSULTAR_PRIORIDAD', 'Consultar prioridad segundo cuat. 2018'),
  (3, '2018-07-01', '2018-12-31', 'INSCRIPCION_COLOQUIO', 'Inscripciones a coloquio segundo cuat. 2018');

INSERT INTO `administrador_departamento` (`id`, `user_id`, `departamento_id`)
VALUES
  (1, 16, 2);

INSERT INTO `inscripcion_curso` (`id`, `estado`, `cursada_estado`, `alumno_id`, `curso_id`)
VALUES
  (1, 'REGULAR', 'ACTIVA', 1, 2),
  (2, 'REGULAR', 'ACTIVA', 1, 34),
  (3, 'REGULAR', 'ACTIVA', 1, 54),
  (4, 'REGULAR', 'ACTIVA', 1, 7),
  (5, 'REGULAR', 'ACTIVA', 2, 2),
  (6, 'REGULAR', 'ACTIVA', 2, 34),
  (7, 'REGULAR', 'ACTIVA', 2, 54),
  (8, 'REGULAR', 'ACTIVA', 2, 8),
  (9, 'REGULAR', 'ACTIVA', 3, 2),
  (10, 'REGULAR', 'ACTIVA', 3, 34),
  (11, 'REGULAR', 'ACTIVA', 3, 54),
  (12, 'REGULAR', 'ACTIVA', 3, 7),
  (13, 'REGULAR', 'ACTIVA', 5, 3),
  (14, 'REGULAR', 'ACTIVA', 5, 35),
  (15, 'REGULAR', 'ACTIVA', 5, 55),
  (16, 'REGULAR', 'ACTIVA', 6, 4),
  (17, 'REGULAR', 'ACTIVA', 6, 35),
  (18, 'REGULAR', 'ACTIVA', 6, 55),
  (19, 'REGULAR', 'ACTIVA', 7, 4),
  (20, 'REGULAR', 'ACTIVA', 7, 5),
  (21, 'REGULAR', 'ACTIVA', 7, 38),
  (22, 'REGULAR', 'ACTIVA', 7, 59),
  (23, 'REGULAR', 'ACTIVA', 8, 4),
  (24, 'REGULAR', 'ACTIVA', 8, 59),
  (25, 'REGULAR', 'ACTIVA', 9, 4),
  (26, 'REGULAR', 'ACTIVA', 9, 47),
  (27, 'REGULAR', 'ACTIVA', 9, 50),
  (28, 'REGULAR', 'ACTIVA', 10, 4),
  (29, 'REGULAR', 'ACTIVA', 10, 48),
  (30, 'REGULAR', 'ACTIVA', 10, 57),
  (31, 'REGULAR', 'ACTIVA', 11, 4),
  (32, 'REGULAR', 'ACTIVA', 11, 49),
  (33, 'REGULAR', 'ACTIVA', 11, 57),
  (34, 'REGULAR', 'ACTIVA', 12, 4),
  (35, 'REGULAR', 'ACTIVA', 12, 46),
  (36, 'REGULAR', 'ACTIVA', 12, 56),
  (37, 'REGULAR', 'ACTIVA', 13, 11),
  (38, 'REGULAR', 'ACTIVA', 13, 48),
  (39, 'REGULAR', 'ACTIVA', 13, 52),
  (40, 'REGULAR', 'ACTIVA', 14, 12),
  (41, 'REGULAR', 'ACTIVA', 14, 16),
  (42, 'REGULAR', 'ACTIVA', 14, 48),
  (43, 'REGULAR', 'ACTIVA', 15, 15),
  (44, 'REGULAR', 'ACTIVA', 15, 39),
  (45, 'REGULAR', 'ACTIVA', 15, 70),
  (46, 'REGULAR', 'ACTIVA', 4, 3),
  (47, 'REGULAR', 'ACTIVA', 4, 35),
  (48, 'REGULAR', 'ACTIVA', 4, 44),
  (49, 'REGULAR', 'ACTIVA', 4, 55);


